{"type":"FeatureCollection","features":[{"type":"Feature","properties":{"segment_id":1,"mask_origin":"sam_amg"},"geometry":{"type":"Polygon","coordinates":[[[-118.22783724383817,36.869315397971214],[-118.22788805713243,36.86912557803287],[-118.22833121894311,36.869056097074235],[-118.22883657239626,36.868666874257386],[-118.2300492892179,36.868313597099934],[-118.2303544915327,36.86845646513002],[-118.23105557622715,36.86768120812327],[-118.23217091809683,36.86713421482089],[-118.22769537605033,36.86718053500131],[-118.22772704878652,36.86915969211869],[-118.22786191482817,36.869174523984064],[-118.22775570094248,36.86926756462617],[-118.22783724383817,36.869315397971214]]]}},{"type":"Feature","properties":{"segment_id":2,"mask_origin":"sam_amg"},"geometry":{"type":"MultiPolygon","coordinates":[[[[-118.2256357410429,36.86971671385781],[-118.225242961014,36.869569328267744],[-118.22509791003763,36.86933826132956],[-118.22479254090298,36.8691845646262],[-118.22489220070916,36.869102411015795],[-118.2247448242767,36.86914719741542],[-118.22465430866232,36.86895883526558],[-118.22474050772882,36.86887682049775],[-118.22451892340675,36.868489697107854],[-118.22457621332799,36.86786172901376],[-118.22566547093999,36.867785598506565],[-118.22518590497472,36.86810423253891],[-118.2253365612088,36.86826493206743],[-118.22553208390399,36.868284549575705],[-118.22562923642693,36.86804557678529],[-118.22621752047655,36.86779072037029],[-118.22591414284443,36.86776139978818],[-118.2258790229169,36.867669818789466],[-118.22599757394725,36.867506342952446],[-118.22618601894914,36.867504398703794],[-118.22610094644821,36.867656712461326],[-118.22635548355933,36.86757836802514],[-118.22799217190271,36.86848089946566],[-118.22794731052379,36.86862198212207],[-118.2276032878451,36.86857686059019],[-118.22737317888871,36.86891996831947],[-118.22639099974253,36.86937900790447],[-118.22622248187034,36.869364521615346],[-118.2256357410429,36.86971671385781]],[[-118.22512171692644,36.86872145512237],[-118.2251546774926,36.86867784789281],[-118.22512758364297,36.868667310359065],[-118.22512171692644,36.86872145512237]],[[-118.22600016639795,36.86766856906574],[-118.22601966564382,36.86762510047034],[-118.22600611884947,36.867619831799644],[-118.22600016639795,36.86766856906574]]],[[[-118.22551563096407,36.86978285370264],[-118.22548827751491,36.86975609365273],[-118.2255220157908,36.86976115414963],[-118.22551563096407,36.86978285370264]]]]}},{"type":"Feature","properties":{"segment_id":3,"mask_origin":"sam_amg"},"geometry":{"type":"MultiPolygon","coordinates":[[[[-118.2356970128423,36.864977499966145],[-118.23573678278655,36.864939227457825],[-118.2357505910205,36.86496071757692],[-118.2356970128423,36.864977499966145]]],[[[-118.23542583839301,36.864439476733615],[-118.23564535054913,36.86511324776735],[-118.23585363041556,36.86508944829593],[-118.23570875485784,36.86445276059502],[-118.235815300781,36.86438134315262],[-118.23715041742093,36.86953790414772],[-118.23713124208152,36.87043590151717],[-118.23697621361504,36.869588393375906],[-118.23694448018882,36.869707708942094],[-118.23676818351883,36.86962841755793],[-118.23674739984742,36.86917432650709],[-118.23660466890475,36.869089277111016],[-118.23718251120883,36.87152786845406],[-118.2371921922906,36.872128102117166],[-118.2352839013635,36.86440309318345],[-118.23542583839301,36.864439476733615]],[[-118.23686477923489,36.86935699117043],[-118.23687762955159,36.869318998475066],[-118.23685088268037,36.869330093703425],[-118.23686477923489,36.86935699117043]],[[-118.23680054478112,36.869130506037074],[-118.23683271413469,36.869038228067055],[-118.23681208736868,36.86901140064072],[-118.23680054478112,36.869130506037074]]],[[[-118.23679020535658,36.869741765198086],[-118.2367826031912,36.86968776011243],[-118.23680952456303,36.869687479924],[-118.23679020535658,36.869741765198086]]],[[[-118.23716594065313,36.87050044131706],[-118.23713176533347,36.870468346588254],[-118.23716524296395,36.870457181223045],[-118.23716594065313,36.87050044131706]]]]}},{"type":"Feature","properties":{"segment_id":4,"mask_origin":"sam_amg"},"geometry":{"type":"Polygon","coordinates":[[[-118.23714858607698,36.869424346381095],[-118.23706740680521,36.8643899497974],[-118.23590313763111,36.86440206342111],[-118.23708679237485,36.86934927178474],[-118.23714858607698,36.869424346381095]]]}},{"type":"Feature","properties":{"segment_id":5,"mask_origin":"sam_amg"},"geometry":{"type":"MultiPolygon","coordinates":[[[[-118.22508368870645,36.87055530403224],[-118.22505598969093,36.87050691374322],[-118.22509654507893,36.87051731250723],[-118.22508368870645,36.87055530403224]]],[[[-118.22525092001905,36.87091053603663],[-118.22517593470235,36.87085181646837],[-118.22525040178306,36.87087809082298],[-118.22525092001905,36.87091053603663]]],[[[-118.2253328086923,36.87098000122581],[-118.22523815003508,36.87095393511127],[-118.22527119783147,36.870915735384585],[-118.2253328086923,36.87098000122581]]],[[[-118.22456267905952,36.869965747078986],[-118.22554034711673,36.871751265912984],[-118.22552878670334,36.87187037049095],[-118.22543257188588,36.871746968938304],[-118.22521245021866,36.87187363246095],[-118.22544836550486,36.87189283355161],[-118.22556710502714,36.87216203025665],[-118.22501674569635,36.8718431995347],[-118.22504211344854,36.871745586363765],[-118.22487531754285,36.87183924896932],[-118.22565909577183,36.87244231956891],[-118.22614674897734,36.87347029777388],[-118.22459868695978,36.87348626122537],[-118.22456267905952,36.869965747078986]],[[-118.22507015266793,36.871393749637],[-118.22525222225914,36.87141350622115],[-118.22523064872361,36.871327193844536],[-118.22507015266793,36.871393749637]]],[[[-118.22565296098222,36.872058384686724],[-118.22557857901262,36.87203751814707],[-118.22561136788366,36.8719830957254],[-118.22565296098222,36.872058384686724]]],[[[-118.22568057455187,36.87210136727334],[-118.2256741895943,36.872123066829246],[-118.2256536522203,36.872101644956444],[-118.22568057455187,36.87210136727334]]],[[[-118.22561551518227,36.87224265734606],[-118.22558108460376,36.872194336628105],[-118.22562181376253,36.87221555025958],[-118.22561551518227,36.87224265734606]]],[[[-118.22573951747611,36.8724198563582],[-118.22569861535793,36.872387827703704],[-118.22574572961288,36.87238734173325],[-118.22573951747611,36.8724198563582]]],[[[-118.22594084145462,36.87280177768018],[-118.22592677518344,36.8727640638266],[-118.22595387060092,36.872774601142325],[-118.22594084145462,36.87280177768018]]]]}},{"type":"Feature","properties":{"segment_id":6,"mask_origin":"sam_amg"},"geometry":{"type":"MultiPolygon","coordinates":[[[[-118.23089556577573,36.87113344024228],[-118.23019516162613,36.87111365094668],[-118.2301393232377,36.87098983525178],[-118.22977440384462,36.870901669049175],[-118.22957370330093,36.87097946379621],[-118.22930757511072,36.87075506332341],[-118.22921542837369,36.870885818696195],[-118.2291595917301,36.87076200250396],[-118.22926658579013,36.87071762837189],[-118.22911271068669,36.870356855589655],[-118.22912663261086,36.870805610804034],[-118.2289858993857,36.87084492532344],[-118.22884343349709,36.8707760891109],[-118.22892082039897,36.870564360294765],[-118.22879594776339,36.87033308933971],[-118.22890181528751,36.87021841766486],[-118.22899803361872,36.8703418163717],[-118.22904497328224,36.87033051405947],[-118.22900768249731,36.87010374589933],[-118.22956979884111,36.86947596224707],[-118.2297310670076,36.86945806825236],[-118.2315376575236,36.87045614322125],[-118.23124207913263,36.8709135135979],[-118.23089556577573,36.87113344024228]],[[-118.22910216800882,36.87011899395317],[-118.22916334813287,36.87015622012727],[-118.22916265496465,36.870112959900304],[-118.22910216800882,36.87011899395317]],[[-118.22997365173791,36.86989364008484],[-118.22999944609711,36.8698230635874],[-118.2299721778004,36.86980171212606],[-118.22997365173791,36.86989364008484]]],[[[-118.22612104186493,36.870598689525856],[-118.22608695746183,36.87057199907047],[-118.22611370638732,36.87056090623071],[-118.22612104186493,36.870598689525856]]]]}},{"type":"Feature","properties":{"segment_id":7,"mask_origin":"sam_amg"},"geometry":{"type":"MultiPolygon","coordinates":[[[[-118.23038378866163,36.87112251493019],[-118.22980814287455,36.87090672831355],[-118.22964782520293,36.87098410525754],[-118.22941087191285,36.870900022144376],[-118.22898197376576,36.870179729725514],[-118.22958325952649,36.86947582297119],[-118.22978525648384,36.869479141177706],[-118.23149684092336,36.87042952410113],[-118.23144699072735,36.870678828148755],[-118.23118193890444,36.87094117881137],[-118.23038378866163,36.87112251493019]],[[-118.22968592328736,36.870421234952126],[-118.22971232487487,36.870388511204396],[-118.22967220238823,36.870405151661444],[-118.22968592328736,36.870421234952126]],[[-118.2290826699307,36.87016246301603],[-118.22916990524314,36.87014533545475],[-118.22915583791956,36.87010762198723],[-118.2290826699307,36.87016246301603]]],[[[-118.22896481468158,36.870369202042696],[-118.22883098583576,36.87041926182057],[-118.22885565529184,36.87027838767983],[-118.22896481468158,36.870369202042696]]],[[[-118.228973797577,36.8705097281782],[-118.2289068397435,36.87053205432805],[-118.22891253062585,36.8704670943836],[-118.228973797577,36.8705097281782]]],[[[-118.22904448084833,36.87071992570327],[-118.22891634234266,36.87070502563598],[-118.22890813918444,36.87061316725539],[-118.22907622699798,36.870600612032],[-118.22904448084833,36.87071992570327]]],[[[-118.22901920515439,36.870822947173075],[-118.22891047819122,36.870759170521715],[-118.22902567570117,36.87080665498025],[-118.22901920515439,36.870822947173075]]],[[[-118.22907348206131,36.87084942793204],[-118.22903266607888,36.870822807955214],[-118.22908003924093,36.8708385432644],[-118.22907348206131,36.87084942793204]]]]}},{"type":"Feature","properties":{"segment_id":8,"mask_origin":"sam_amg"},"geometry":{"type":"MultiPolygon","coordinates":[[[[-118.23359487380627,36.86443145441979],[-118.23349436011932,36.864459539860874],[-118.23346097144828,36.864476111689015],[-118.23342041822548,36.86446571573145],[-118.23359487380627,36.86443145441979]]],[[[-118.23170025574976,36.86465121759251],[-118.23165271232924,36.86462466819458],[-118.23171328153568,36.86462404044992],[-118.23170025574976,36.86465121759251]]],[[[-118.2283887252206,36.86508030829581],[-118.22747241229536,36.865024874987505],[-118.22709345901758,36.864898986147516],[-118.2269979425964,36.86481884590643],[-118.22701398149329,36.86455907564218],[-118.22719447841267,36.8644814938852],[-118.23311023475507,36.86443107563592],[-118.23228033100798,36.86472633055199],[-118.2321590187773,36.86471677153694],[-118.23201369631639,36.864469490489],[-118.23202941369989,36.86460994667127],[-118.23177237492824,36.86453148469616],[-118.23089001325478,36.864913808503495],[-118.2283887252206,36.86508030829581]],[[-118.23230646903056,36.86467738367298],[-118.23232379267854,36.864498725925955],[-118.23228297904235,36.86447210699613],[-118.23223009515439,36.864532148048994],[-118.23230646903056,36.86467738367298]],[[-118.23190705981456,36.86453549706149],[-118.23193302436921,36.86447573520407],[-118.23189255815926,36.86447074624918],[-118.23190705981456,36.86453549706149]],[[-118.23181223345827,36.86449862099475],[-118.23185899548801,36.864476502577595],[-118.23180498267115,36.864466245582165],[-118.23181223345827,36.86449862099475]]],[[[-118.23192642362051,36.86490306942016],[-118.23187896678658,36.86488192764579],[-118.23195290923225,36.86487575272515],[-118.23192642362051,36.86490306942016]]]]}},{"type":"Feature","properties":{"segment_id":9,"mask_origin":"sam_amg"},"geometry":{"type":"MultiPolygon","coordinates":[[[[-118.23450499703583,36.86661241605227],[-118.23452562233729,36.86663924391662],[-118.23449870201175,36.86663952356803],[-118.23450499703583,36.86661241605227]]],[[[-118.23413246184555,36.866886706616846],[-118.23417223354785,36.86684843461139],[-118.2341995889033,36.86687519263812],[-118.23413246184555,36.866886706616846]]],[[[-118.23433401695547,36.86686297960958],[-118.23428043713233,36.866879761385206],[-118.23428026313952,36.866868946343345],[-118.23433401695547,36.86686297960958]]],[[[-118.23416259215668,36.86834125974462],[-118.234142662436,36.86835769198993],[-118.23414231447065,36.868336061910455],[-118.23416259215668,36.86834125974462]]],[[[-118.23474977586311,36.8684379202209],[-118.2347299332796,36.86845976008115],[-118.2347295851474,36.86843813000684],[-118.23474977586311,36.8684379202209]]],[[[-118.23433398011836,36.868534182928755],[-118.23434717959537,36.86851782055849],[-118.2343476146272,36.8685448581549],[-118.23433398011836,36.868534182928755]]],[[[-118.23396160912522,36.86881928809428],[-118.23394693087157,36.868743722585755],[-118.23417619492449,36.86876838389837],[-118.23396160912522,36.86881928809428]]],[[[-118.23455561358678,36.86892128709273],[-118.23454241408795,36.868937649485545],[-118.23454206600259,36.86891601941144],[-118.23455561358678,36.86892128709273]]],[[[-118.23436777476132,36.86896109730742],[-118.23432678400494,36.86892366411847],[-118.23435318308574,36.868890939377685],[-118.23436777476132,36.86896109730742]]],[[[-118.23425283790013,36.868929840581025],[-118.23426655947178,36.86894592333377],[-118.23425982918745,36.868945993236245],[-118.23425283790013,36.868929840581025]]],[[[-118.23417259647515,36.86896312449157],[-118.23415153567815,36.868909258988865],[-118.23418553506953,36.86893053958066],[-118.23417259647515,36.86896312449157]]],[[[-118.23414767618762,36.86908777702057],[-118.23417294445697,36.86898475456851],[-118.23416786707871,36.869087567330354],[-118.23414767618762,36.86908777702057]]],[[[-118.23407303399725,36.869050693219904],[-118.2340530170897,36.869061717932645],[-118.23405293010242,36.869056310413235],[-118.23407303399725,36.869050693219904]]],[[[-118.23465970087835,36.86911490892029],[-118.2345507107682,36.86903491489925],[-118.23471302105912,36.86908190439833],[-118.23465970087835,36.86911490892029]]],[[[-118.23417755525114,36.86927135308023],[-118.23393456812825,36.869230609011225],[-118.2341899719068,36.86920632305568],[-118.23417755525114,36.86927135308023]]],[[[-118.2342514146899,36.86925976913985],[-118.23427746590046,36.869205414339675],[-118.23429843986733,36.86925387229556],[-118.2342514146899,36.86925976913985]]],[[[-118.23441285515524,36.869252683855954],[-118.23432466505615,36.86921033252311],[-118.23437151617658,36.86919362061319],[-118.23441285515524,36.869252683855954]]],[[[-118.234702171467,36.86924426979348],[-118.23475583986655,36.869232895323115],[-118.23475601394131,36.869243710358724],[-118.234702171467,36.86924426979348]]],[[[-118.2347517206755,36.86939519078616],[-118.23475853803608,36.86940052837275],[-118.23475180771311,36.86940059830383],[-118.2347517206755,36.86939519078616]]],[[[-118.23457069815865,36.869440338924896],[-118.23448923808046,36.8693979178003],[-118.23456965386065,36.86937544870856],[-118.23457069815865,36.869440338924896]]],[[[-118.23455242170154,36.869559514080876],[-118.2345786468441,36.86951597425529],[-118.23457269973919,36.869564711837505],[-118.23455242170154,36.869559514080876]]],[[[-118.23473431487714,36.86956844114119],[-118.23476709617388,36.86951401631055],[-118.23476805360484,36.86957349900309],[-118.23473431487714,36.86956844114119]]],[[[-118.23494959862083,36.86956079566378],[-118.2349561548523,36.86954991068703],[-118.23495632895732,36.86956072572124],[-118.23494959862083,36.86956079566378]]],[[[-118.23494530573775,36.86971227608353],[-118.23497205302864,36.869701181277236],[-118.23496558384078,36.86971747377173],[-118.23494530573775,36.86971227608353]]],[[[-118.23470666862661,36.86994190949057],[-118.23473393826104,36.86996325983951],[-118.23470019936316,36.869958201971386],[-118.23470666862661,36.86994190949057]]],[[[-118.23469477452268,36.87003938465861],[-118.23472825234222,36.87002821997615],[-118.23472842641816,36.87003903501042],[-118.23469477452268,36.87003938465861]]],[[[-118.23427647219981,36.87081713434635],[-118.23429596746571,36.87077366448731],[-118.23430313296207,36.87080063216641],[-118.23427647219981,36.87081713434635]]],[[[-118.2342928044239,36.87099544260172],[-118.23410426442464,36.870991992343875],[-118.23418775833652,36.870742337849684],[-118.2342928044239,36.87099544260172]]],[[[-118.23385635362733,36.86687875681489],[-118.23394848773212,36.86674799799225],[-118.23362509547383,36.866729721757125],[-118.23357954987226,36.86682754619122],[-118.23324681954168,36.866647113103596],[-118.23437416746172,36.86642988860322],[-118.23407961030883,36.86653029943184],[-118.23450656324496,36.86670975142423],[-118.23417179860463,36.866821397005474],[-118.23401552772236,36.86673107659732],[-118.23407836006591,36.86687104317467],[-118.23385635362733,36.86687875681489]],[[-118.23341550634,36.866672404568575],[-118.23431777278991,36.86669007874501],[-118.23433053696797,36.86664667877228],[-118.23341550634,36.866672404568575]],[[-118.23403931684926,36.866536126275804],[-118.23401187469666,36.866503960685606],[-118.23401230957853,36.866530998294614],[-118.23403931684926,36.866536126275804]]],[[[-118.23318790023062,36.86675048460216],[-118.23326813981491,36.86671720137944],[-118.23326831366411,36.866728016425704],[-118.23318790023062,36.86675048460216]]],[[[-118.23367446690231,36.86686982828652],[-118.23336505597048,36.866883856755436],[-118.23335693496436,36.86679740623807],[-118.23367446690231,36.86686982828652]]],[[[-118.23378896562397,36.866874048034965],[-118.23377567933802,36.86688500282267],[-118.23376877531248,36.866874257650096],[-118.23378896562397,36.866874048034965]]],[[[-118.23254020650616,36.86707630104256],[-118.23255978874992,36.86703823896528],[-118.23257350962245,36.86705432193138],[-118.23254020650616,36.86707630104256]]],[[[-118.23254116212607,36.86713578380946],[-118.23255401425715,36.86709779153501],[-118.23256799576902,36.86713009707404],[-118.23254116212607,36.86713578380946]]],[[[-118.23254220462371,36.8672006740999],[-118.23256256878321,36.86721127973982],[-118.23254237837365,36.867211489148254],[-118.23254220462371,36.8672006740999]]],[[[-118.23218068952198,36.868161714260374],[-118.23222788792299,36.86816663329193],[-118.23217421985731,36.86817800661559],[-118.23218068952198,36.868161714260374]]],[[[-118.23203444834681,36.868276807410446],[-118.23201873001031,36.86813635132775],[-118.23220873951414,36.86823173293545],[-118.23203444834681,36.868276807410446]]],[[[-118.23245233074621,36.86831033327961],[-118.23239874948518,36.86832711422905],[-118.23239857574845,36.86831629918217],[-118.23245233074621,36.86831033327961]]],[[[-118.2332114191965,36.86863237223319],[-118.23326491355022,36.868610183396065],[-118.23327199153098,36.86863174363604],[-118.2332114191965,36.86863237223319]]],[[[-118.23269949259266,36.86944894711065],[-118.23267851957098,36.86940048885636],[-118.2327190753286,36.869410885012236],[-118.23269949259266,36.86944894711065]]],[[[-118.2324998414688,36.86959163695733],[-118.23254634570718,36.869553295668304],[-118.23255989327465,36.86955856357705],[-118.2324998414688,36.86959163695733]]],[[[-118.23327409184344,36.86959982957751],[-118.23328703092196,36.869567244758805],[-118.23328755253178,36.869599689881696],[-118.23327409184344,36.86959982957751]]],[[[-118.23358620938292,36.86975343426224],[-118.23357179215861,36.869694091274845],[-118.23360579174802,36.869715372026306],[-118.23358620938292,36.86975343426224]]],[[[-118.23316167529362,36.869725389905774],[-118.23313501464557,36.86974189183015],[-118.23313475387143,36.86972566926817],[-118.23316167529362,36.869725389905774]]],[[[-118.2335189927648,36.86975954041752],[-118.23338377701238,36.86972308493335],[-118.23349015844074,36.86964085442193],[-118.2335189927648,36.86975954041752]]],[[[-118.23322416097609,36.86984372676757],[-118.23320092734579,36.86965467308344],[-118.23328790027213,36.869621319963535],[-118.23337057712678,36.869739447201006],[-118.23322416097609,36.86984372676757]]],[[[-118.2333531681471,36.86991269740312],[-118.23332555115182,36.86986971664912],[-118.2333795679778,36.86987997286998],[-118.2333531681471,36.86991269740312]]],[[[-118.23304348411739,36.86991050269472],[-118.23304969297408,36.869877987735464],[-118.23307023176396,36.86989940831054],[-118.23304348411739,36.86991050269472]]],[[[-118.23304461406401,36.86998080046315],[-118.23305125752262,36.869975323107234],[-118.23305134444219,36.86998073062782],[-118.23304461406401,36.86998080046315]]],[[[-118.23290501430466,36.870090417334225],[-118.23283684137411,36.87003704037973],[-118.23285685871286,36.870026015865704],[-118.23290501430466,36.870090417334225]]],[[[-118.23283857947185,36.87014519079847],[-118.23286497960255,36.87011246637536],[-118.23285885755772,36.870150388846355],[-118.23283857947185,36.87014519079847]]],[[[-118.233806036556,36.87086528699682],[-118.23241048642817,36.870733740858526],[-118.23236102773097,36.870588226374934],[-118.23201725451511,36.8705593404146],[-118.2319084386769,36.87049015902065],[-118.23202155318344,36.87040786001385],[-118.23176518946123,36.870372658639056],[-118.23209185310043,36.870174568976324],[-118.23241586778924,36.87023070176378],[-118.2326430504957,36.87012558544165],[-118.23274557054658,36.87022187358811],[-118.23255073647421,36.87024552825286],[-118.23255264795307,36.870364493721986],[-118.23300254257163,36.87029492549251],[-118.23304696088876,36.87012680351793],[-118.23314188177233,36.87016908594551],[-118.23312012593989,36.87007196010068],[-118.23334022904284,36.86994528222775],[-118.23349563630218,36.869981528172914],[-118.23376015502879,36.86968672739906],[-118.23458117060129,36.86967279227261],[-118.23446402719493,36.86992279662385],[-118.23423371557294,36.86983324571742],[-118.234621784717,36.870105044058924],[-118.23451389492836,36.87051179652268],[-118.233806036556,36.87086528699682]],[[-118.23235169113667,36.87042607052584],[-118.23237162177438,36.87040963856949],[-118.23235143052172,36.87040984796094],[-118.23235169113667,36.87042607052584]],[[-118.23234365765205,36.870345027497166],[-118.23241000613989,36.87028484678009],[-118.2323092237766,36.87029670877639],[-118.23234365765205,36.870345027497166]],[[-118.23218047743306,36.87024395957273],[-118.2321404424368,36.87026600837452],[-118.23216762463332,36.870281951800266],[-118.23218047743306,36.87024395957273]],[[-118.23367097395257,36.87000134174359],[-118.23359177465129,36.87009951551383],[-118.23369325224851,36.87013091259118],[-118.23367918271904,36.870093199700236],[-118.23367097395257,36.87000134174359]],[[-118.23383389462613,36.870086185041544],[-118.23382725121532,36.870091662440274],[-118.23383398160122,36.87009159256044],[-118.23383389462613,36.870086185041544]],[[-118.23362290474437,36.8699423481149],[-118.23364947839117,36.869920438562815],[-118.23360236579103,36.86992092763859],[-118.23362290474437,36.8699423481149]],[[-118.23382472896073,36.86993484438947],[-118.23381765069477,36.86991328419215],[-118.2338111812433,36.869929576628095],[-118.23382472896073,36.86993484438947]],[[-118.23373714715252,36.86993034526823],[-118.23372377337529,36.8699358925353],[-118.23373723412031,36.869935752787484],[-118.23373714715252,36.86993034526823]],[[-118.23391825832505,36.86989060589148],[-118.23393801452028,36.8698633586419],[-118.23391782342328,36.869863568296815],[-118.23391825832505,36.86989060589148]],[[-118.23441569639084,36.86984758077184],[-118.23440905304267,36.86985305820217],[-118.23441578340619,36.86985298828978],[-118.23441569639084,36.86984758077184]],[[-118.2341127430368,36.86984531893322],[-118.23414491592,36.86975304163625],[-118.23399702206603,36.86976539431768],[-118.2341127430368,36.86984531893322]],[[-118.2342129154794,36.869795602793744],[-118.23428616637298,36.86974616619515],[-118.23417874169353,36.86976350718307],[-118.2342129154794,36.869795602793744]],[[-118.23377483330623,36.869762292919],[-118.23376154652976,36.86977324770923],[-118.23377500724605,36.869773107957656],[-118.23377483330623,36.869762292919]]],[[[-118.23255260776783,36.87078094265324],[-118.23257236467497,36.8707536956215],[-118.23260636447343,36.87077497665167],[-118.23255260776783,36.87078094265324]]],[[[-118.233179495727,36.87083393152354],[-118.23320659140407,36.870844467182856],[-118.23317966958969,36.870844746562646],[-118.233179495727,36.87083393152354]]],[[[-118.23385654192715,36.87107569103409],[-118.23383548072783,36.871021825500755],[-118.23388958541315,36.87103748898949],[-118.23385654192715,36.87107569103409]]],[[[-118.23389944726644,36.8712320897463],[-118.23382341143093,36.87110848555187],[-118.23395671612604,36.87102597508783],[-118.23420722248602,36.87111531674647],[-118.23389944726644,36.8712320897463]]],[[[-118.23158109710454,36.8672917648122],[-118.23157454057258,36.867302649612064],[-118.23156763681243,36.86729190430731],[-118.23158109710454,36.8672917648122]]],[[[-118.23179077348844,36.86735449275022],[-118.23182390329454,36.86732169879284],[-118.23184435421705,36.86733771208238],[-118.23179077348844,36.86735449275022]]],[[[-118.23175729637337,36.86736565659627],[-118.23177757365106,36.86737085484603],[-118.23175738319354,36.86737106412188],[-118.23175729637337,36.86736565659627]]],[[[-118.23148136011909,36.86736851635541],[-118.23146143005792,36.86738494815958],[-118.23146116965992,36.86736872558093],[-118.23148136011909,36.86736851635541]]],[[[-118.23200691984842,36.86740092796396],[-118.23203453518506,36.86744390907206],[-118.23201451838733,36.86745493344196],[-118.23200691984842,36.86740092796396]]],[[[-118.2315850902739,36.86754051100496],[-118.23154874845359,36.867373226438275],[-118.23165556277335,36.86731803519126],[-118.23169277295638,36.86753939497917],[-118.2315850902739,36.86754051100496]]],[[[-118.23142235108072,36.86746647949432],[-118.23148930549094,36.867444151978646],[-118.23149620925459,36.867454897287615],[-118.23142235108072,36.86746647949432]]],[[[-118.23205611512428,36.86753022014724],[-118.23206267160569,36.867519335322115],[-118.23206284529002,36.86753015037183],[-118.23205611512428,36.86753022014724]]],[[[-118.23200348953091,36.86760648368591],[-118.23175473359228,36.867625287578704],[-118.23173979730865,36.86753349916173],[-118.23200348953091,36.86760648368591]]],[[[-118.23177596598485,36.867689968605895],[-118.23178278298829,36.867695306371346],[-118.23177605280736,36.86769537613117],[-118.23177596598485,36.867689968605895]]],[[[-118.23193136796377,36.86772621670871],[-118.23191022226189,36.86766694323734],[-118.23207873723862,36.86768142151289],[-118.23193136796377,36.86772621670871]]],[[[-118.23196588724014,36.86777994311003],[-118.2319787397567,36.8677419508946],[-118.23199936450222,36.8677687792032],[-118.23196588724014,36.86777994311003]]],[[[-118.23177071178193,36.867781966294686],[-118.231810745612,36.86775991763047],[-118.23181091926234,36.867770732680775],[-118.23177071178193,36.867781966294686]]],[[[-118.2316196503551,36.86801609425455],[-118.23163302396057,36.868010547225936],[-118.23163311077398,36.86801595475123],[-118.2316196503551,36.86801609425455]]],[[[-118.23201121822751,36.86808775338183],[-118.23192242292392,36.868007547536195],[-118.23196280417122,36.868007128918826],[-118.23201121822751,36.86808775338183]]],[[[-118.23136520429838,36.86809985741522],[-118.23139134399847,36.86805091073264],[-118.23141231582004,36.86809936924678],[-118.23136520429838,36.86809985741522]]],[[[-118.23189528430682,36.868413460716745],[-118.23158560626419,36.868411262095286],[-118.23155729633895,36.86832502069042],[-118.2317113103986,36.868274748656034],[-118.23171361282809,36.86799889512382],[-118.23183449608062,36.86798141686897],[-118.23178972890099,36.868127908376515],[-118.2319519488371,36.86816949419655],[-118.2318043180758,36.86819806667595],[-118.23189528430682,36.868413460716745]],[[-118.23170588245874,36.868355931285656],[-118.23164557075249,36.8683727816555],[-118.23170631655725,36.86838296890971],[-118.23170588245874,36.868355931285656]]],[[[-118.23144900493854,36.868288283936],[-118.23137419120152,36.86824038334542],[-118.23144778972221,36.868212578579794],[-118.23144900493854,36.868288283936]]],[[[-118.23127479995449,36.868338764832494],[-118.23119308247176,36.868280118807455],[-118.23124683755364,36.86827415344897],[-118.23127479995449,36.868338764832494]]],[[[-118.23204222069604,36.86834162792524],[-118.23202116156745,36.86828776200856],[-118.23208889812133,36.86831410186538],[-118.23204222069604,36.86834162792524]]],[[[-118.23118852181507,36.86841537668194],[-118.23124158269547,36.86836615111799],[-118.23127584142668,36.868403655140725],[-118.23118852181507,36.86841537668194]]],[[[-118.23140406325902,36.868423960257076],[-118.2313829177541,36.868364686694676],[-118.23143055023986,36.868396643668405],[-118.23140406325902,36.868423960257076]]],[[[-118.23177535546505,36.868490421815004],[-118.23180848575457,36.86845762785886],[-118.23184257114099,36.86848431666284],[-118.23177535546505,36.868490421815004]]],[[[-118.23163419382573,36.86850270175891],[-118.23162676905771,36.868459511312665],[-118.23168760174795,36.86847510609987],[-118.23163419382573,36.86850270175891]]],[[[-118.23150588500143,36.86847698936961],[-118.231472494161,36.86849356066833],[-118.23146550349992,36.86847740783628],[-118.23150588500143,36.86847698936961]]],[[[-118.2319463036773,36.86865631092254],[-118.23199254712293,36.868601747277594],[-118.23202680632363,36.8686392510736],[-118.2319463036773,36.86865631092254]]],[[[-118.23125938260179,36.868636387936505],[-118.23123936538265,36.86864741218147],[-118.2312391918073,36.86863659713045],[-118.23125938260179,36.868636387936505]]]]}},{"type":"Feature","properties":{"segment_id":10,"mask_origin":"sam_amg"},"geometry":{"type":"MultiPolygon","coordinates":[[[[-118.23336270881677,36.86673785363832],[-118.2332602797122,36.86664697342041],[-118.233771157404,36.866603811674416],[-118.23342905344985,36.86667767238905],[-118.23373950702695,36.866728534035],[-118.23336270881677,36.86673785363832]]],[[[-118.23319428264728,36.866728784670855],[-118.23324121944928,36.866717480746544],[-118.23324139329469,36.8667282957929],[-118.23319428264728,36.866728784670855]]],[[[-118.23336496903858,36.86687844923264],[-118.23338368149095,36.86678631179858],[-118.23366100669483,36.86686996801734],[-118.2334998319634,36.86689327475838],[-118.23336496903858,36.86687844923264]]],[[[-118.23391010748861,36.86687279027219],[-118.23393694092977,36.866867103230945],[-118.23393702790196,36.86687251075258],[-118.23391010748861,36.86687279027219]]],[[[-118.23361742600179,36.867508614521874],[-118.23363752952827,36.867502997407726],[-118.23363761648135,36.86750840492939],[-118.23361742600179,36.867508614521874]]],[[[-118.23285522772562,36.8678302128362],[-118.23282166367177,36.867835969459236],[-118.23282157677515,36.8678305619362],[-118.23285522772562,36.8678302128362]]],[[[-118.23354701081966,36.868152947923534],[-118.23356029735342,36.868141993159],[-118.23356047125279,36.86815280820147],[-118.23354701081966,36.868152947923534]]],[[[-118.23339325908796,36.8682194448761],[-118.23342044079922,36.86823538802921],[-118.23339351990245,36.868235667440615],[-118.23339325908796,36.8682194448761]]],[[[-118.23315891817924,36.868297594771704],[-118.23321302079765,36.86831325861369],[-118.23315244871324,36.86831388717618],[-118.23315891817924,36.868297594771704]]],[[[-118.23356290585374,36.868304218793945],[-118.23354970624241,36.8683205810801],[-118.23354935844466,36.868298950995644],[-118.23356290585374,36.868304218793945]]],[[[-118.23357784448889,36.86839600692691],[-118.23355022793969,36.868353026206606],[-118.23357050559302,36.86835822414246],[-118.23357784448889,36.86839600692691]]],[[[-118.23317559479969,36.86849753339958],[-118.23314728306306,36.86841129240846],[-118.2332759399985,36.86845863310358],[-118.23317559479969,36.86849753339958]]],[[[-118.23355187998665,36.86845576910601],[-118.23357233157051,36.86847178208284],[-118.23355214083692,36.868471991668905],[-118.23355187998665,36.86845576910601]]],[[[-118.23314429044422,36.86864388568158],[-118.23316291660959,36.8685463407745],[-118.23329865176969,36.8686152416856],[-118.23327242618574,36.86865878124288],[-118.23314429044422,36.86864388568158]]],[[[-118.23336104977042,36.86872817098874],[-118.23338054506247,36.86868470126514],[-118.23340117055426,36.8687115293125],[-118.23336104977042,36.86872817098874]]],[[[-118.23346995128078,36.8688027586153],[-118.23340203995788,36.8687656045227],[-118.23348297709693,36.86877558129583],[-118.23346995128078,36.8688027586153]]],[[[-118.23302614987972,36.869250854966594],[-118.23305333188873,36.86926679819564],[-118.23301959339564,36.869261739841996],[-118.23302614987972,36.869250854966594]]],[[[-118.23267257126281,36.86944922636658],[-118.23270544088369,36.8694002095994],[-118.23272615323721,36.86943244528335],[-118.23267257126281,36.86944922636658]]],[[[-118.23263961471153,36.86949283560317],[-118.23268698774307,36.8695085694792],[-118.23263323192954,36.86951453550196],[-118.23263961471153,36.86949283560317]]],[[[-118.23328082218762,36.869599759729795],[-118.23311212896273,36.869574468204206],[-118.23330722194576,36.869567035212455],[-118.23328082218762,36.869599759729795]]],[[[-118.23379038132751,36.86989193362767],[-118.23383723298248,36.86987522192045],[-118.23383749390653,36.869891444477716],[-118.23379038132751,36.86989193362767]]],[[[-118.23404044881559,36.86995423813294],[-118.23407436165691,36.86997011122631],[-118.23403397940861,36.86997053058008],[-118.23404044881559,36.86995423813294]]],[[[-118.23377885381942,36.87084934395757],[-118.23245060846405,36.87071709948551],[-118.23240796701063,36.870576922740966],[-118.23202398494668,36.870559270636505],[-118.23175164180032,36.870367390642045],[-118.2321051401886,36.870163614367826],[-118.23240870301218,36.870203733955066],[-118.23299750141607,36.86998128929984],[-118.23322741408765,36.86962735610375],[-118.23367991259809,36.869720010991365],[-118.2335421402624,36.86994318650144],[-118.23373792986342,36.86997901294128],[-118.23368652185877,36.87013098246311],[-118.23384123384105,36.8701239677935],[-118.23386589398562,36.86998309277778],[-118.23396972011653,36.87016049262555],[-118.23402881482781,36.87006793580543],[-118.23417154485546,36.87015298830128],[-118.23423771771085,36.87008199155506],[-118.23453637830374,36.87023573346497],[-118.23440034793123,36.87056706026754],[-118.23377885381942,36.87084934395757]],[[-118.23216719034232,36.87025491418957],[-118.23216054679551,36.87026039149743],[-118.23216727720047,36.87026032171171],[-118.23216719034232,36.87025491418957]],[[-118.2342327273926,36.87019021181883],[-118.23421262321392,36.87019582904346],[-118.23423281439614,36.87019561933683],[-118.2342327273926,36.87019021181883]],[[-118.2332666295972,36.869973088175726],[-118.23330605554645,36.86991318636135],[-118.23312468320297,36.8699367022502],[-118.2332666295972,36.869973088175726]]],[[[-118.23221594457273,36.86700394574504],[-118.23221533661399,36.866966093069784],[-118.23227590765582,36.866965465004434],[-118.23221594457273,36.86700394574504]]],[[[-118.23221008296325,36.86705809077833],[-118.2322165525326,36.86704179842003],[-118.23223691660587,36.86705240411764],[-118.23221008296325,36.86705809077833]]],[[[-118.23180775147314,36.86715420502095],[-118.23182733410256,36.86711614305778],[-118.23184122848905,36.86714304116215],[-118.23180775147314,36.86715420502095]]],[[[-118.23209154601551,36.86722157256824],[-118.23194322246272,36.8672068849879],[-118.23202923799231,36.867114050038445],[-118.23209154601551,36.86722157256824]]],[[[-118.23175503905736,36.86722506092839],[-118.23186228715491,36.86719690712903],[-118.23189628515735,36.86721818840766],[-118.23175503905736,36.86722506092839]]],[[[-118.23210322628394,36.867529731711365],[-118.23190544654385,36.86736952935266],[-118.23200483574668,36.86727114736055],[-118.23210322628394,36.867529731711365]]],[[[-118.23176007462992,36.867538697413536],[-118.23177327449895,36.86752233531952],[-118.23177353496438,36.86753855789583],[-118.23176007462992,36.867538697413536]]],[[[-118.23153246419946,36.867616774343674],[-118.23157249801545,36.86759472575947],[-118.23158621878716,36.86761080884009],[-118.23153246419946,36.867616774343674]]],[[[-118.23197917394167,36.86776898851866],[-118.23205941512656,36.867735706088354],[-118.23198460156821,36.86768780587483],[-118.23207061756949,36.867594970893705],[-118.2320869437735,36.86777327965452],[-118.23197917394167,36.86776898851866]]],[[[-118.23206831639455,36.867870824427214],[-118.23206089145421,36.867827634006986],[-118.23208815960106,36.86784898499812],[-118.23206831639455,36.867870824427214]]],[[[-118.23136941746182,36.86794296942952],[-118.23138908729686,36.86791031506165],[-118.2314096250886,36.86793173594905],[-118.23136941746182,36.86794296942952]]],[[[-118.2320156037493,36.86794168044653],[-118.2320420035049,36.867908956201944],[-118.2320692716762,36.8679303071967],[-118.2320156037493,36.86794168044653]]],[[[-118.2313584740809,36.86809992715204],[-118.23138487417357,36.868067203048106],[-118.23140558560274,36.86809943898626],[-118.2313584740809,36.86809992715204]]],[[[-118.231834277969,36.86838705098655],[-118.23186636621887,36.86828936672038],[-118.23200770110284,36.86828790155673],[-118.2319128700101,36.86825102567981],[-118.23201855632837,36.86812553627897],[-118.23196254366134,36.86799090634494],[-118.23226809553204,36.868155399521534],[-118.23204799565285,36.8682820753835],[-118.23208941920079,36.86834654700977],[-118.231834277969,36.86838705098655]]],[[[-118.23243765408587,36.86823476754895],[-118.2324176371449,36.86824579198808],[-118.23241737653662,36.86822956941763],[-118.23243765408587,36.86823476754895]]],[[[-118.23137445158933,36.8682566059222],[-118.23139455548542,36.86825098918157],[-118.2313879988486,36.86826187397143],[-118.23137445158933,36.8682566059222]]],[[[-118.23241212308537,36.868321567113064],[-118.232438957151,36.86831588040005],[-118.23243904402221,36.86832128792341],[-118.23241212308537,36.868321567113064]]],[[[-118.23202315893151,36.868412135064816],[-118.23207647980084,36.86837913171023],[-118.2320903745153,36.86840602977403],[-118.23202315893151,36.868412135064816]]],[[[-118.23223010392718,36.86872367801713],[-118.23224313017391,36.86869650082535],[-118.23225020787788,36.86871806113104],[-118.23223010392718,36.86872367801713]]],[[[-118.23256714492204,36.86959093890159],[-118.23254625882453,36.86954788814627],[-118.23258664087304,36.869547469302056],[-118.23256714492204,36.86959093890159]]],[[[-118.23262754425103,36.869579495575195],[-118.23266110908018,36.86957373899427],[-118.232661195971,36.86957914651604],[-118.23262754425103,36.869579495575195]]],[[[-118.23263992982493,36.87076922006815],[-118.23267332138033,36.87075264843389],[-118.23267358206658,36.870768870995875],[-118.23263992982493,36.87076922006815]]],[[[-118.23256589489127,36.870769987993604],[-118.23257253845156,36.870764510663236],[-118.23257262533988,36.8707699181841],[-118.23256589489127,36.870769987993604]]],[[[-118.23140467767277,36.86762350696944],[-118.23092605428728,36.86757978969754],[-118.2311943065951,36.86751751814778],[-118.2311125900652,36.86745887204211],[-118.2312115465082,36.86733345305994],[-118.2315093223639,36.86743312769584],[-118.23152751634674,36.86730854536195],[-118.23130507430966,36.86728921663079],[-118.23167996574851,36.86716093792859],[-118.23179068666596,36.86734908522465],[-118.23167861810055,36.8674962742826],[-118.23146954901264,36.867471398836486],[-118.23140467767277,36.86762350696944]],[[-118.23133642121216,36.867564721546266],[-118.23131657785925,36.86758656085341],[-118.23133668158563,36.86758094412514],[-118.23133642121216,36.867564721546266]],[[-118.2313289967172,36.867521531069954],[-118.23136885695837,36.86748866750119],[-118.23131492885751,36.86748381785248],[-118.2313289967172,36.867521531069954]]],[[[-118.23121770805905,36.8677173874471],[-118.2312437609459,36.86766303326817],[-118.2313117570571,36.867705596164676],[-118.23121770805905,36.8677173874471]]],[[[-118.23061958897743,36.867777667010145],[-118.23065185203737,36.86769079809349],[-118.2307070814596,36.86777676095238],[-118.23061958897743,36.867777667010145]]],[[[-118.23117172490927,36.86778817337806],[-118.23120468160211,36.86774456453448],[-118.23140046458033,36.867780394962985],[-118.23117172490927,36.86778817337806]]],[[[-118.23104489253957,36.86785438841473],[-118.23102496225954,36.86787082014843],[-118.23102478871932,36.86786000509512],[-118.23104489253957,36.86785438841473]]],[[[-118.23082014336461,36.868110912390364],[-118.2308405574328,36.86770506903877],[-118.23109070229681,36.86777278747751],[-118.23088232669159,36.86779117122475],[-118.23089743553362,36.86789377481745],[-118.2312402418058,36.86786318147102],[-118.23130980032309,36.86800307983285],[-118.23123068672993,36.86810665960531],[-118.23120797934988,36.867950050534],[-118.23092531073131,36.8679529787685],[-118.23110789403931,36.86800517167303],[-118.23106907470772,36.86810292547503],[-118.23082014336461,36.868110912390364]],[[-118.23098744440269,36.86804968682523],[-118.23098080095625,36.86805516406716],[-118.23098753117073,36.86805509435178],[-118.23098744440269,36.86804968682523]]],[[[-118.23073660471273,36.86793870796998],[-118.23076326527656,36.8679222065809],[-118.23075688207884,36.86794390639191],[-118.23073660471273,36.86793870796998]]],[[[-118.23073239025436,36.86809559595725],[-118.23063013582747,36.868015528522754],[-118.2306568831857,36.868004434684146],[-118.23073239025436,36.86809559595725]]],[[[-118.23112964667311,36.86810229797734],[-118.23116968085817,36.86808024952379],[-118.23117658463737,36.868090994849986],[-118.23112964667311,36.86810229797734]]],[[[-118.23082817494085,36.86819195558595],[-118.23085440177567,36.868148416542105],[-118.23092222458739,36.86818016460093],[-118.23082817494085,36.86819195558595]]],[[[-118.23123181494168,36.86817695744311],[-118.23126520570017,36.86816038621274],[-118.23126537927615,36.86817120126453],[-118.23123181494168,36.86817695744311]]],[[[-118.23100980428862,36.86818466583836],[-118.23105648200207,36.86815714017828],[-118.23107020277128,36.86817322331715],[-118.23100980428862,36.86818466583836]]],[[[-118.23136650622342,36.86818097030088],[-118.23141327060107,36.86815885202867],[-118.2314202612203,36.86817500486538],[-118.23136650622342,36.86818097030088]]],[[[-118.23026413656409,36.86827892252701],[-118.23024972220824,36.868219579069475],[-118.23030408437648,36.86825146683165],[-118.23026413656409,36.86827892252701]]],[[[-118.23072826253835,36.86825789146755],[-118.2306204053228,36.86824819158377],[-118.23065922529857,36.86815043791876],[-118.23072826253835,36.86825789146755]]],[[[-118.23083043063771,36.86833255127993],[-118.23086269367263,36.86824568231406],[-118.23086399507332,36.86832679521308],[-118.23083043063771,36.86833255127993]]],[[[-118.23112000445954,36.86834036857415],[-118.23117944843972,36.86826944320986],[-118.23129473029853,36.8683223330569],[-118.23124805257441,36.8683498588101],[-118.23112000445954,36.86834036857415]]],[[[-118.23132872865592,36.86834361448768],[-118.23135495525284,36.86830007533872],[-118.23138231017631,36.86832683401625],[-118.23132872865592,36.86834361448768]]],[[[-118.23098539967138,36.8683417629683],[-118.23104553796203,36.86831409787884],[-118.23105925875798,36.86833018101807],[-118.23098539967138,36.8683417629683]]],[[[-118.2306433718469,36.868421023361016],[-118.23066295536499,36.86838296158103],[-118.23069039683025,36.86841512794826],[-118.2306433718469,36.868421023361016]]],[[[-118.22966092882294,36.86844201007016],[-118.2296736092367,36.8683932030272],[-118.22968103290097,36.86843639361641],[-118.22966092882294,36.86844201007016]]],[[[-118.23118860859847,36.868420784207764],[-118.23120154838489,36.868388199597106],[-118.23122881650197,36.86840955078424],[-118.23118860859847,36.868420784207764]]]]}},{"type":"Feature","properties":{"segment_id":11,"mask_origin":"sam_amg"},"geometry":{"type":"MultiPolygon","coordinates":[[[[-118.22679793241414,36.86451803865908],[-118.22674374726313,36.86449696427437],[-118.2268110463934,36.86449626955992],[-118.22679793241414,36.86451803865908]]],[[[-118.22661053217205,36.864584874207345],[-118.22653702169896,36.864618083500275],[-118.22652287030962,36.86457496210538],[-118.22661053217205,36.864584874207345]]],[[[-118.22821339999615,36.86506048668141],[-118.2274383299651,36.86499818485826],[-118.22683443531504,36.864696140049624],[-118.22704436034121,36.86477509920568],[-118.22696014214931,36.86455963150951],[-118.22718774850202,36.864481563380046],[-118.231582375244,36.86443610215292],[-118.23165141026976,36.864543555269016],[-118.23157955128696,36.86467951068074],[-118.23084273018372,36.864903481369545],[-118.22821339999615,36.86506048668141]]]]}},{"type":"Feature","properties":{"segment_id":12,"mask_origin":"sam_amg"},"geometry":{"type":"MultiPolygon","coordinates":[[[[-118.22798399142577,36.86881089801781],[-118.22795016687084,36.86880043068244],[-118.227983904867,36.86880549048584],[-118.22798399142577,36.86881089801781]]],[[[-118.22766483170085,36.869057574783064],[-118.22761745992344,36.869041838879376],[-118.22767121586175,36.8690358751243],[-118.22766483170085,36.869057574783064]]],[[[-118.22805371886962,36.870643633747555],[-118.22757685678636,36.86986974750745],[-118.22760083612854,36.86968561331971],[-118.22772992469139,36.86975999769247],[-118.2277876419658,36.869580923330346],[-118.22750064063283,36.86931346692221],[-118.22778149716217,36.86919698856917],[-118.22755214699795,36.86916690737276],[-118.22752323558733,36.869042812210374],[-118.22772014538437,36.86914894658682],[-118.2278597510527,36.86903933568532],[-118.2277581906144,36.8690025260172],[-118.2278234165207,36.8688720498837],[-118.22797105019629,36.86884348230233],[-118.22803722779469,36.86877248890892],[-118.22819314979563,36.86884118707642],[-118.22833896500407,36.868699060881895],[-118.22952121306669,36.86938452171988],[-118.22872821048378,36.87030674762646],[-118.22805371886962,36.870643633747555]],[[-118.22884216824852,36.86985667001014],[-118.22887512713942,36.869813061786715],[-118.22882810114199,36.86981895649809],[-118.22884216824852,36.86985667001014]],[[-118.22874690356585,36.869792753976455],[-118.22878020895665,36.86977077589645],[-118.22875302762628,36.86975483167807],[-118.22874690356585,36.869792753976455]],[[-118.22874543110358,36.869700825973766],[-118.22877183285911,36.86966810242831],[-118.22874473818246,36.86965756573671],[-118.22874543110358,36.869700825973766]],[[-118.22902784648768,36.86968168021837],[-118.2290677954707,36.86965422492336],[-118.22901395259304,36.86965478178654],[-118.22902784648768,36.86968168021837]],[[-118.22862685778578,36.86944244753142],[-118.22866550766479,36.869333879418704],[-118.22857809994218,36.869340191536445],[-118.22862685778578,36.86944244753142]],[[-118.22858991515115,36.86923730929755],[-118.2286429782859,36.869188084859424],[-118.22858257861105,36.86919952616636],[-118.22858991515115,36.86923730929755]]]]}},{"type":"Feature","properties":{"segment_id":13,"mask_origin":"sam_amg"},"geometry":{"type":"MultiPolygon","coordinates":[[[[-118.23684884174902,36.867950967469056],[-118.23691335372662,36.867777226508345],[-118.2367998125156,36.86783249246386],[-118.23671512766629,36.86758999478456],[-118.23697052494482,36.86756570296338],[-118.2368883853083,36.867063574616175],[-118.23665330423155,36.86626016607202],[-118.23643532846866,36.86610018143339],[-118.23651615664012,36.86652119749798],[-118.23647961086695,36.86675954838088],[-118.23590313763111,36.86440206342111],[-118.23706731962028,36.86438454227989],[-118.23712320993849,36.86785075995474],[-118.23684884174902,36.867950967469056]],[[-118.23698651375196,36.86772238078201],[-118.23693896662868,36.86769583358194],[-118.23693258520454,36.867717533692755],[-118.23698651375196,36.86772238078201]],[[-118.23677709389315,36.86767588465926],[-118.23691187158808,36.867685298757166],[-118.23691152285059,36.86766366869786],[-118.23677709389315,36.86767588465926]],[[-118.23632993398387,36.865825448307426],[-118.23639714689425,36.86581934062618],[-118.23636245119378,36.86575480050066],[-118.23632993398387,36.865825448307426]],[[-118.23626727274299,36.865696297992876],[-118.23628632998387,36.8656257902258],[-118.23626605288744,36.86562059274107],[-118.23626727274299,36.865696297992876]],[[-118.23624159353575,36.865355834379756],[-118.2362748076969,36.8653284467402],[-118.23625435641918,36.86531243421515],[-118.23624159353575,36.865355834379756]],[[-118.23615682627586,36.86510792860144],[-118.23618304904832,36.86506438843496],[-118.2361360265962,36.86507028597884],[-118.23615682627586,36.86510792860144]]],[[[-118.23691546311392,36.86749055817026],[-118.23682683785213,36.86742117109454],[-118.23692132141967,36.86743641296975],[-118.23691546311392,36.86749055817026]]]]}},{"type":"Feature","properties":{"segment_id":14,"mask_origin":"sam_amg"},"geometry":{"type":"MultiPolygon","coordinates":[[[[-118.22509292934019,36.87113391038242],[-118.22503813540173,36.871074982569574],[-118.22505642697767,36.87095580862775],[-118.22513184413242,36.87104156594889],[-118.22509292934019,36.87113391038242]]],[[[-118.22513012280788,36.87135527240114],[-118.22493329707247,36.87125454134521],[-118.22502571070211,36.8711400117663],[-118.22513012280788,36.87135527240114]]],[[[-118.22524367788817,36.87130001737794],[-118.22520959346463,36.871273326674064],[-118.22524324602126,36.87127297970161],[-118.22524367788817,36.87130001737794]]],[[[-118.22472585995429,36.87133239738414],[-118.22461135481956,36.87132816901863],[-118.2247520049757,36.871283452089955],[-118.22472585995429,36.87133239738414]]],[[[-118.2249758441873,36.87181117061714],[-118.22520209202717,36.871646585389016],[-118.22514617485257,36.871517359681924],[-118.2252913097441,36.871331976810886],[-118.22525662738354,36.87168929050626],[-118.2249758441873,36.87181117061714]]],[[[-118.22542385442286,36.871622665050715],[-118.22535603071269,36.871590913885505],[-118.22543679717761,36.87159008102999],[-118.22542385442286,36.871622665050715]]],[[[-118.22525395649096,36.871943514036936],[-118.22518578707583,36.871890132641056],[-118.22525343823429,36.871911068828965],[-118.22525395649096,36.871943514036936]]],[[[-118.22562716190345,36.872128960302106],[-118.22555631373613,36.87190794557621],[-118.22542584133348,36.871747038345035],[-118.2256034276989,36.87190745966754],[-118.22562716190345,36.872128960302106]]],[[[-118.22456942077507,36.87165310671448],[-118.22506609934865,36.8715614526217],[-118.22491595996985,36.87185505531562],[-118.22552793104364,36.87223815221507],[-118.22526103256786,36.8719650747781],[-118.22540737740603,36.87185539725229],[-118.22564968658929,36.87227475545223],[-118.2258466023075,36.872380892772036],[-118.22577998755429,36.87242484733217],[-118.2259163282589,36.87253160935863],[-118.22588423076459,36.872629292121985],[-118.22599873787912,36.87263351922284],[-118.22593316011736,36.872742364259736],[-118.2260456042428,36.873038667491194],[-118.2258663722631,36.87277550380536],[-118.22581269996658,36.872786874323786],[-118.22594498999125,36.87306133923297],[-118.22615502373117,36.87314570697854],[-118.226156233942,36.87322141242218],[-118.22601393888797,36.87316338794222],[-118.22606951304077,36.87327098302977],[-118.226237953045,36.87328006183759],[-118.22612405004963,36.8733136877073],[-118.22614674897734,36.87347029777388],[-118.22459868695978,36.87348626122537],[-118.22456942077507,36.87165310671448]],[[-118.22578474040162,36.87272226164725],[-118.22581796149485,36.8726948768363],[-118.22577740485616,36.87268447834524],[-118.22578474040162,36.87272226164725]],[[-118.22574884046846,36.87258201292676],[-118.22576764971394,36.87249528411755],[-118.22572036257152,36.8724849550315],[-118.22574884046846,36.87258201292676]],[[-118.22563821269495,36.87239926756235],[-118.22561741604522,36.87236162308492],[-118.22558410861892,36.872383600306385],[-118.22563821269495,36.87239926756235]]],[[[-118.22609599200518,36.87282181064779],[-118.22607787456158,36.8729517997556],[-118.22603481116161,36.872784582922364],[-118.22609599200518,36.87282181064779]]]]}},{"type":"Feature","properties":{"segment_id":15,"mask_origin":"sam_amg"},"geometry":{"type":"MultiPolygon","coordinates":[[[[-118.23609470093922,36.87336723426472],[-118.23365819776465,36.87339255412672],[-118.23363670116356,36.87331165100619],[-118.23382411606993,36.87324480419116],[-118.23349109603006,36.87304814995481],[-118.2337994010003,36.87296382299942],[-118.23387738506857,36.87278994385872],[-118.23401443341636,36.8729399564941],[-118.23446582107547,36.87296231025947],[-118.23482930287906,36.87254208544657],[-118.23519870204332,36.87248957052594],[-118.23597060755206,36.87276819062409],[-118.23600739755867,36.87296251102268],[-118.23619829548015,36.873111960975685],[-118.23609470093922,36.87336723426472]],[[-118.2341730663856,36.87317627949459],[-118.23430060076836,36.87315332118526],[-118.23419929292368,36.87313273975175],[-118.2341730663856,36.87317627949459]],[[-118.23545084535998,36.873098100663086],[-118.23550338399095,36.87301642814741],[-118.23541623407505,36.87303896789795],[-118.23545084535998,36.873098100663086]],[[-118.23557855340651,36.87308595601666],[-118.2356116839681,36.87305316101822],[-118.23557147433428,36.87306439594956],[-118.23557855340651,36.87308595601666]],[[-118.2348624062287,36.87292573920497],[-118.23500995772436,36.872891755286616],[-118.23490183236802,36.872865836885175],[-118.2348624062287,36.87292573920497]]],[[[-118.2334630081522,36.87339458035304],[-118.23206975759322,36.87340903410899],[-118.23202607290261,36.87320396706811],[-118.23148727246665,36.873187918378406],[-118.23181429599585,36.873011459418024],[-118.2320249437571,36.87313366931091],[-118.232136237795,36.872937812245205],[-118.23256951866036,36.873090163048346],[-118.23313918982033,36.87293281705048],[-118.23311435367604,36.87306287685389],[-118.2332884810671,36.873006985606004],[-118.23335114366354,36.873136137318234],[-118.23329317617743,36.873298991535975],[-118.23355558527243,36.87329085940118],[-118.2334630081522,36.87339458035304]],[[-118.23304422835024,36.87330698341202],[-118.23309711744372,36.87324694198337],[-118.23303050622438,36.87329090053938],[-118.23304422835024,36.87330698341202]],[[-118.23208656201186,36.87319793148907],[-118.23213971239046,36.87315411303188],[-118.23209242405369,36.87314378650635],[-118.23208656201186,36.87319793148907]]]]}},{"type":"Feature","properties":{"segment_id":16,"mask_origin":"sam_amg"},"geometry":{"type":"MultiPolygon","coordinates":[[[[-118.234555009021,36.86637392582946],[-118.23466103653651,36.86627006425064],[-118.2347149639498,36.86627491239357],[-118.234555009021,36.86637392582946]]],[[[-118.23465097025155,36.8664810973959],[-118.23471705255983,36.86640469288626],[-118.23473155700177,36.86646944328225],[-118.23465097025155,36.8664810973959]]],[[[-118.2347086399137,36.86671846891374],[-118.23471528297496,36.86671299146926],[-118.23471537000152,36.86671839898945],[-118.2347086399137,36.86671846891374]]],[[[-118.2344877651516,36.86679648149036],[-118.23451416345668,36.86676375671719],[-118.23453487581757,36.86679599209896],[-118.2344877651516,36.86679648149036]]],[[[-118.23428716723538,36.8668796914849],[-118.23440131796875,36.86686228055928],[-118.23440830908618,36.86687843321418],[-118.23428716723538,36.8668796914849]]],[[[-118.23450253052047,36.86687745447383],[-118.23453591998839,36.86686088234437],[-118.23453618103161,36.86687710490562],[-118.23450253052047,36.86687745447383]]],[[[-118.23453327696981,36.86836986001341],[-118.23453739663051,36.86820756452298],[-118.23454673743599,36.86836972017896],[-118.23453327696981,36.86836986001341]]],[[[-118.23473544505237,36.868383984892574],[-118.23474794814526,36.8683243623303],[-118.23477565238284,36.868372750278745],[-118.23473544505237,36.868383984892574]]],[[[-118.2347299332796,36.86845976008115],[-118.23475659313652,36.86844325781005],[-118.23475021103553,36.868464957813586],[-118.2347299332796,36.86845976008115]]],[[[-118.23434102763414,36.868972191975864],[-118.23435283505428,36.86886930930187],[-118.23436147951962,36.8689882048099],[-118.23434102763414,36.868972191975864]]],[[[-118.23456451944408,36.869056405134174],[-118.23455166801473,36.86909439760144],[-118.23455778915081,36.869056475053696],[-118.23456451944408,36.869056405134174]]],[[[-118.23434563905404,36.869258790470035],[-118.23437169019694,36.86920443565044],[-118.23437264731056,36.869263918354946],[-118.23434563905404,36.869258790470035]]],[[[-118.23456544725157,36.869532336650856],[-118.23455854286777,36.86952159153532],[-118.23456527320184,36.86952152161499],[-118.23456544725157,36.869532336650856]]],[[[-118.23474084271068,36.869974004942875],[-118.23468630344543,36.86993130424184],[-118.23465903383556,36.86990995388139],[-118.23474084271068,36.869974004942875]]],[[[-118.23471522677123,36.87005539742229],[-118.23472099973976,36.869995844803505],[-118.2347414519818,36.8700118575629],[-118.23471522677123,36.87005539742229]]],[[[-118.23458717548132,36.870045910986214],[-118.23464075742513,36.87002912904128],[-118.23465447928012,36.870045211741136],[-118.23458717548132,36.870045910986214]]],[[[-118.23418638966695,36.86689155499176],[-118.23335168268994,36.86688940397407],[-118.23336166564278,36.86667296336286],[-118.23319297885878,36.86664767182114],[-118.23392560135905,36.86658057445678],[-118.23396441630888,36.86648281977872],[-118.23444689305747,36.866348006813],[-118.23455570513515,36.86641718599589],[-118.23440833980254,36.86646198420132],[-118.23438359460091,36.866597451850915],[-118.23453760326703,36.866547176237425],[-118.23456066499173,36.866725414672345],[-118.23432650385786,36.866814381824724],[-118.23420423122424,36.866745342235006],[-118.23418638966695,36.86689155499176]],[[-118.23415204324601,36.866848644291515],[-118.23405608222637,36.86674147232422],[-118.23399568535388,36.86675291633678],[-118.23402408435119,36.86684456466445],[-118.23415204324601,36.866848644291515]],[[-118.23390967263735,36.866845752663686],[-118.2339282104838,36.86674280011211],[-118.23378826993051,36.86683078785935],[-118.23360533994109,36.86675696895585],[-118.23368111005188,36.86686435089839],[-118.23390967263735,36.866845752663686]],[[-118.23350604041843,36.86686075976722],[-118.23348515458603,36.866817709153565],[-118.23346539898115,36.86684495632997],[-118.23350604041843,36.86686075976722]],[[-118.23343079217032,36.86678582284491],[-118.23345037389794,36.866747760628584],[-118.23340343711075,36.866759064635254],[-118.23343079217032,36.86678582284491]],[[-118.23350456241128,36.86676883188363],[-118.23353130890571,36.86675773741143],[-118.23350447546989,36.86676342436102],[-118.23350456241128,36.86676883188363]],[[-118.23348332884724,36.86670415117779],[-118.23396737340103,36.86666667552142],[-118.23342905344985,36.86667767238905],[-118.23348332884724,36.86670415117779]],[[-118.23414261656548,36.86668108102358],[-118.23405469054646,36.86665495197943],[-118.23398765063153,36.866671873395276],[-118.23406211647337,36.86669814226472],[-118.23414261656548,36.86668108102358]],[[-118.23425702802373,36.866679892804626],[-118.23431742479626,36.866668448660874],[-118.23425685403548,36.86666907776231],[-118.23425702802373,36.866679892804626]],[[-118.23410014845801,36.86655171985197],[-118.23413301596685,36.86650270270639],[-118.23407270627455,36.86651955427648],[-118.23410014845801,36.86655171985197]],[[-118.23428841654975,36.86653894775754],[-118.23432810099885,36.866495268181296],[-118.23424751415249,36.8665069220229],[-118.23428841654975,36.86653894775754]]],[[[-118.23399869666122,36.8673586286114],[-118.23404493786816,36.86730406419757],[-118.23404572069965,36.86735273188653],[-118.23399869666122,36.8673586286114]]],[[[-118.23358920111774,36.867427781146276],[-118.23361638258316,36.86744372426108],[-118.23358937501668,36.86743859618992],[-118.23358920111774,36.867427781146276]]],[[[-118.23360413958348,36.86751956929176],[-118.23364408578051,36.86749211249949],[-118.23365798086984,36.8675190103767],[-118.23360413958348,36.86751956929176]]],[[[-118.23417742105254,36.8675893348599],[-118.23419735057071,36.867572902610526],[-118.23419761154909,36.86758912517189],[-118.23417742105254,36.8675893348599]]],[[[-118.2342025385679,36.868313802764106],[-118.23418873013189,36.86829231248014],[-118.23420892081334,36.8682921027868],[-118.2342025385679,36.868313802764106]]],[[[-118.23414248845327,36.8683468769502],[-118.23416241817125,36.868330444704945],[-118.2341627661422,36.86835207478428],[-118.23414248845327,36.8683468769502]]],[[[-118.23435199569838,36.86839878522633],[-118.23433775217917,36.86835025736381],[-118.23435820389443,36.86836627020314],[-118.23435199569838,36.86839878522633]]],[[[-118.23434770163364,36.86855026567417],[-118.23433914426394,36.868436777674646],[-118.23435933498226,36.86843656795505],[-118.23434770163364,36.86855026567417]]],[[[-118.23404202446844,36.86879681936587],[-118.23406833664303,36.86875868716658],[-118.23409560567387,36.868780037677276],[-118.23404202446844,36.86879681936587]]],[[[-118.23421718552372,36.86880581714311],[-118.23414254357932,36.868768733379945],[-118.23425022788182,36.868767615005396],[-118.23421718552372,36.86880581714311]]],[[[-118.23421822950205,36.86887070737432],[-118.23419725569717,36.86882224939833],[-118.23423798533699,36.86884346007713],[-118.23421822950205,36.86887070737432]]],[[[-118.23400242568363,36.868845906374794],[-118.23402960774324,36.86886184938045],[-118.23400277361601,36.86886753645355],[-118.23400242568363,36.868845906374794]]],[[[-118.23417932676122,36.868963054594],[-118.23414497938337,36.86892014392346],[-118.23423929033417,36.86892457286486],[-118.23417932676122,36.868963054594]]],[[[-118.23328148132512,36.87005946880118],[-118.23330132472876,36.8700376291733],[-118.23330158554103,36.870053851733395],[-118.23328148132512,36.87005946880118]]],[[[-118.23385242084528,36.87123798645379],[-118.23375619365112,36.871114591861634],[-118.23379956702755,36.87088157943112],[-118.23311666155624,36.870693964591986],[-118.23290241729444,36.87076649705183],[-118.232522992543,36.87061358873281],[-118.23247036539212,36.87068985247007],[-118.2323062287062,36.870529302004556],[-118.23338478456421,36.87020442406231],[-118.23368095615666,36.86978490122571],[-118.23390357987867,36.86981504039393],[-118.23361582653405,36.869920787904555],[-118.23367045217297,36.86996889662757],[-118.2334777058653,36.8701223332647],[-118.23363415708117,36.87022346925185],[-118.23376424257978,36.869940880806446],[-118.23413853354664,36.869774741607486],[-118.2339493006921,36.86972803089657],[-118.23456762288117,36.869667524597375],[-118.23449173186161,36.869971184618365],[-118.234642411033,36.8701318718694],[-118.2345798937039,36.87042998455599],[-118.23411259251446,36.87067280900775],[-118.23431633282189,36.87078426979832],[-118.23423956975695,36.87103385446992],[-118.23431482306724,36.871108790735704],[-118.23385242084528,36.87123798645379]],[[-118.23400777618177,36.870852375398925],[-118.23399231454079,36.87072814226764],[-118.23382570605587,36.870832632246646],[-118.23388015852785,36.87086992581528],[-118.23400777618177,36.870852375398925]],[[-118.23294123552306,36.87066874271205],[-118.2331693749889,36.87062310810014],[-118.23290041833428,36.87064212408613],[-118.23294123552306,36.87066874271205]],[[-118.23277288764342,36.870665080832474],[-118.23274527068646,36.87062209994791],[-118.23272560077287,36.870654754527884],[-118.23277288764342,36.870665080832474]],[[-118.23253593210163,36.87058100399225],[-118.23250219305785,36.87057594550286],[-118.23251608834023,36.870602843497004],[-118.23253593210163,36.87058100399225]],[[-118.23300549776803,36.87047878118367],[-118.23296546289627,36.87050083026046],[-118.23300575852194,36.870495003744374],[-118.23300549776803,36.87047878118367]],[[-118.23277666340722,36.8704811553104],[-118.23274335889104,36.87050313449258],[-118.23278365453695,36.87049730805148],[-118.23277666340722,36.8704811553104]],[[-118.23364874839011,36.87029362726196],[-118.23363485277345,36.87026672940523],[-118.23362855717768,36.87029383686983],[-118.23364874839011,36.87029362726196]],[[-118.23329203693976,36.87029732982947],[-118.23328478491233,36.870264954559836],[-118.23326494144693,36.87028679418533],[-118.23329203693976,36.87029732982947]],[[-118.23321101127853,36.87028194543806],[-118.2331841765915,36.87028763233528],[-118.23320454166841,36.87029823784296],[-118.23321101127853,36.87028194543806]],[[-118.23385452066518,36.87011301299409],[-118.23381352952245,36.87007557964194],[-118.23382104267472,36.870124177433254],[-118.23385452066518,36.87011301299409]],[[-118.2337423990677,36.869838347565995],[-118.2337291992406,36.86985470987213],[-118.23374930336831,36.869849092729986],[-118.2337423990677,36.869838347565995]]],[[[-118.23325641810933,36.866825491526],[-118.23317383161562,36.86671277161429],[-118.23326132279945,36.86671186369863],[-118.23325641810933,36.866825491526]]],[[[-118.23254667600631,36.86706000866762],[-118.23260698647758,36.86704315785951],[-118.23260716023566,36.867053972907875],[-118.23254667600631,36.86706000866762]]],[[[-118.23181725997071,36.867327176079925],[-118.23183098074345,36.86734325913293],[-118.2318107902936,36.86734346841772],[-118.23181725997071,36.867327176079925]]],[[[-118.23162286694875,36.86737786673251],[-118.23164218928888,36.86732358222079],[-118.2316698912085,36.8673719709443],[-118.23162286694875,36.86737786673251]]],[[[-118.23207578456295,36.867497565670845],[-118.23200088439363,36.86744425793658],[-118.23201338948807,36.86738463561633],[-118.23207578456295,36.867497565670845]]],[[[-118.23194982181859,36.86761785690261],[-118.23197630833147,36.86759054019741],[-118.23199020286039,36.86761743827971],[-118.23194982181859,36.86761785690261]]],[[[-118.23201178280436,36.867703749360494],[-118.23203110494295,36.86764946479201],[-118.23207891092625,36.86769223656223],[-118.23201178280436,36.867703749360494]]],[[[-118.23281510727352,36.86784685432418],[-118.23282148987856,36.86782515441317],[-118.23284185424355,36.86783576000034],[-118.23281510727352,36.86784685432418]]],[[[-118.23205997976356,36.86819000791921],[-118.23202537338786,36.868130874029106],[-118.23208620589077,36.8681464686164],[-118.23205997976356,36.86819000791921]]],[[[-118.23202055367645,36.86824990933874],[-118.23205385744573,36.868227930365265],[-118.23204083120616,36.868255107538175],[-118.23202055367645,36.86824990933874]]],[[[-118.23202168261777,36.868320207153936],[-118.23204169963667,36.868309182780244],[-118.23204860355807,36.86831992805272],[-118.23202168261777,36.868320207153936]]],[[[-118.23211938267262,36.870212142503384],[-118.23209298218595,36.870244866766804],[-118.23209919146998,36.87021235185105],[-118.23211938267262,36.870212142503384]]],[[[-118.23201682027275,36.87053230280363],[-118.23204838800605,36.870402173376945],[-118.23186692723242,36.870420279850016],[-118.23185854691332,36.87031760668816],[-118.23202094524548,36.87037000735756],[-118.23208633863457,36.87025034407063],[-118.23215160256761,36.87054172221464],[-118.23201682027275,36.87053230280363]]],[[[-118.23218525471567,36.870541373282464],[-118.2322320202676,36.87051925467436],[-118.23226593300264,36.8705351282847],[-118.23218525471567,36.870541373282464]]],[[[-118.23259168712063,36.870699410982255],[-118.23262473109,36.87066120927838],[-118.23263862643125,36.87068810725675],[-118.23259168712063,36.870699410982255]]],[[[-118.23304384360803,36.87077043809214],[-118.2330570437355,36.87075407585899],[-118.23306394802738,36.87076482106144],[-118.23304384360803,36.87077043809214]]]]}},{"type":"Feature","properties":{"segment_id":17,"mask_origin":"sam_amg"},"geometry":{"type":"Polygon","coordinates":[[[-118.22614674897734,36.87347029777388],[-118.22549471003774,36.87226553694526],[-118.2248551258571,36.87183945709415],[-118.22477841306694,36.871672586580125],[-118.22456950710209,36.871658514250754],[-118.22459868695978,36.87348626122537],[-118.22614674897734,36.87347029777388]]]}},{"type":"Feature","properties":{"segment_id":18,"mask_origin":"sam_amg"},"geometry":{"type":"MultiPolygon","coordinates":[[[[-118.2352353411074,36.872256627651545],[-118.23472593475952,36.8719752754884],[-118.23487052467406,36.871757436250626],[-118.23470025948119,36.871634811806395],[-118.23464957731994,36.8714135931648],[-118.23489616828574,36.8712595951183],[-118.23513179629933,36.87167900303887],[-118.23529350298374,36.87168813901211],[-118.23524247076416,36.87144529059876],[-118.23541478854305,36.870859389898385],[-118.23587823114957,36.870795078352565],[-118.23622749678502,36.87116462642617],[-118.23630981158156,36.87167756991468],[-118.23583455833013,36.87184476597153],[-118.23554192258844,36.87164769743898],[-118.23549086554638,36.87182129770984],[-118.23566156794236,36.87197095855362],[-118.2352353411074,36.872256627651545]]],[[[-118.23605115534448,36.87191823107826],[-118.23598367567321,36.87190811611882],[-118.23604329202907,36.87184800342067],[-118.23605115534448,36.87191823107826]]]]}},{"type":"Feature","properties":{"segment_id":19,"mask_origin":"sam_amg"},"geometry":{"type":"MultiPolygon","coordinates":[[[[-118.22942188122069,36.87284694049974],[-118.22926612324234,36.87278905921212],[-118.22914780307096,36.872546904119986],[-118.22904305919896,36.87273187386419],[-118.2287175635135,36.872583804092656],[-118.22838888901812,36.872657511615635],[-118.22792291765519,36.872564975923815],[-118.22775567024802,36.872209748071576],[-118.22839602850397,36.87226262293386],[-118.22915259906364,36.872006012239076],[-118.22958534890343,36.87212592899864],[-118.23002188239857,36.872061918644526],[-118.23005105925755,36.8722022356156],[-118.23028810400915,36.872291724870855],[-118.23033325799409,36.87258872058161],[-118.22997006494427,36.872608705633006],[-118.22942188122069,36.87284694049974]]],[[[-118.23026555266634,36.87298423633385],[-118.2302180912073,36.87296309400821],[-118.23026529246832,36.87296801376323],[-118.23026555266634,36.87298423633385]]]]}},{"type":"Feature","properties":{"segment_id":20,"mask_origin":"sam_amg"},"geometry":{"type":"Polygon","coordinates":[[[-118.23034129120148,36.86847282707247],[-118.23103555922303,36.867692232331564],[-118.23204986258015,36.86714087834386],[-118.23011840055784,36.867166295388756],[-118.23015737345843,36.86791766321904],[-118.2300492892179,36.868313597099934],[-118.23034129120148,36.86847282707247]]]}},{"type":"Feature","properties":{"segment_id":21,"mask_origin":"sam_amg"},"geometry":{"type":"Polygon","coordinates":[[[-118.23404502484935,36.86730947171858],[-118.2346225986136,36.86722775470795],[-118.23519660154312,36.86692432663619],[-118.23480114911665,36.86619289054591],[-118.233146302839,36.86667519829618],[-118.23325099186532,36.8669066742134],[-118.23373564654115,36.86690705213318],[-118.23383807655328,36.86699793192055],[-118.23393081962944,36.86690502576284],[-118.23404502484935,36.86730947171858]]]}},{"type":"Feature","properties":{"segment_id":22,"mask_origin":"sam_amg"},"geometry":{"type":"Polygon","coordinates":[[[-118.2283463319937,36.87084072118173],[-118.22860492274191,36.87059466883986],[-118.22880713043874,36.86977049752009],[-118.22837160079678,36.869055679666886],[-118.22799626155297,36.86915691050569],[-118.22783750348829,36.86933162056661],[-118.22775952910936,36.86992735303017],[-118.22828867846783,36.87060334643072],[-118.2283463319937,36.87084072118173]]]}},{"type":"Feature","properties":{"segment_id":23,"mask_origin":"sam_amg"},"geometry":{"type":"Polygon","coordinates":[[[-118.2266852050454,36.8734647405438],[-118.22593400322297,36.87195272558363],[-118.22453480549007,36.86948468424939],[-118.22454119306951,36.869884842072786],[-118.22631759734297,36.87320893044327],[-118.22647655333655,36.87346689425988],[-118.2266852050454,36.8734647405438]]]}},{"type":"Feature","properties":{"segment_id":24,"mask_origin":"sam_amg"},"geometry":{"type":"MultiPolygon","coordinates":[[[[-118.22609492054889,36.864752447849945],[-118.22604737894044,36.864725896175045],[-118.22611485111747,36.864736016930195],[-118.22609492054889,36.864752447849945]]],[[[-118.22673394633482,36.86556793466694],[-118.22580365002916,36.86548018228774],[-118.22543435685898,36.865116217555624],[-118.22562245050811,36.865092644146735],[-118.22567120158493,36.865194901548406],[-118.22576360705419,36.86508037143588],[-118.22602581651387,36.865061441343926],[-118.22594850357636,36.86485671854368],[-118.22643667788829,36.864656978100236],[-118.22680829376068,36.86474508578931],[-118.22702702433223,36.86495375640286],[-118.22678846392142,36.86518878178892],[-118.22673394633482,36.86556793466694]],[[-118.22609906839452,36.86501200974005],[-118.22616576306207,36.864973462608404],[-118.22609181995381,36.86497963393801],[-118.22609906839452,36.86501200974005]]],[[[-118.22700451489526,36.865229818749995],[-118.22694333978451,36.865192591342364],[-118.22701046656222,36.865181081429256],[-118.22700451489526,36.865229818749995]]],[[[-118.22786467374061,36.86556166574791],[-118.2278373210347,36.865534906207515],[-118.22787114412252,36.86554537360748],[-118.22786467374061,36.86556166574791]]]]}},{"type":"Feature","properties":{"segment_id":25,"mask_origin":"sam_amg"},"geometry":{"type":"MultiPolygon","coordinates":[[[[-118.23582765355319,36.871834020941],[-118.23556910596761,36.871663640060724],[-118.23532042507263,36.87168785914805],[-118.23524273200024,36.87146151314314],[-118.23541461436521,36.8708485748684],[-118.23572273408404,36.87075342806558],[-118.23617173584323,36.87104622126176],[-118.23619741737235,36.871386684541235],[-118.23637624517552,36.871622794544756],[-118.23618367463786,36.871787050531296],[-118.23582765355319,36.871834020941]]],[[[-118.234710674064,36.87144540888966],[-118.23468401317191,36.87146191116183],[-118.23469022143739,36.87142939613572],[-118.234710674064,36.87144540888966]]]]}},{"type":"Feature","properties":{"segment_id":26,"mask_origin":"sam_amg"},"geometry":{"type":"Polygon","coordinates":[[[-118.23588814123023,36.8718279834508],[-118.23633000313775,36.87167735984459],[-118.23618413067497,36.87139763959825],[-118.23623431440666,36.87116996392171],[-118.23587132646527,36.87078433332108],[-118.23550141343145,36.870804405097694],[-118.23528015425491,36.871277237861385],[-118.23526553592262,36.871623528695366],[-118.23588814123023,36.8718279834508]]]}},{"type":"Feature","properties":{"segment_id":27,"mask_origin":"sam_amg"},"geometry":{"type":"MultiPolygon","coordinates":[[[[-118.22830180992591,36.86932141392149],[-118.2281255227227,36.86924210952724],[-118.22822491922174,36.86914373059298],[-118.22830180992591,36.86932141392149]]],[[[-118.2278645113778,36.86933674993834],[-118.22753420577232,36.869307711784366],[-118.22789004785746,36.86924995126469],[-118.2278645113778,36.86933674993834]]],[[[-118.22897928814119,36.87001209633347],[-118.22838748588205,36.86920695139217],[-118.22824552030652,36.868748702560836],[-118.22953389370848,36.869335714694884],[-118.22897928814119,36.87001209633347]]],[[[-118.22835022104582,36.86940203991446],[-118.22828930166261,36.86938103589119],[-118.22836333537502,36.869380270654254],[-118.22835022104582,36.86940203991446]]]]}},{"type":"Feature","properties":{"segment_id":28,"mask_origin":"sam_amg"},"geometry":{"type":"MultiPolygon","coordinates":[[[[-118.22633988679966,36.87123462551712],[-118.22626567835115,36.871224574459895],[-118.22633272404465,36.87120765730881],[-118.22633988679966,36.87123462551712]]],[[[-118.22878912228676,36.87158791430508],[-118.22808516462409,36.87134640395709],[-118.22768944919889,36.87143702761069],[-118.22735188492632,36.871375613475486],[-118.22731297266978,36.871467958584915],[-118.22724436971345,36.87138754072928],[-118.22713919016702,36.87154547123034],[-118.22713581637973,36.871334577510055],[-118.22674406298277,36.871252087511294],[-118.22672093123985,36.871068439849665],[-118.22751391739561,36.87098453326639],[-118.22773128335336,36.87110668151746],[-118.22799946414725,36.87103900941123],[-118.22867407147203,36.87112938790405],[-118.22912244279712,36.87138435548418],[-118.22878912228676,36.87158791430508]]]]}},{"type":"Feature","properties":{"segment_id":29,"mask_origin":"sam_amg"},"geometry":{"type":"MultiPolygon","coordinates":[[[[-118.22526597065868,36.86763828217804],[-118.22450675342492,36.86772723401828],[-118.22448880137966,36.86660246558739],[-118.22515353257032,36.86692012029976],[-118.22530617273047,36.86720519333988],[-118.22526597065868,36.86763828217804]]],[[[-118.22584165657796,36.86743764180249],[-118.22579937472929,36.86731909250527],[-118.22585977338697,36.8673076526292],[-118.22590101843086,36.867361311453756],[-118.22584165657796,36.86743764180249]]]]}},{"type":"Feature","properties":{"segment_id":30,"mask_origin":"sam_amg"},"geometry":{"type":"MultiPolygon","coordinates":[[[[-118.23642889693902,36.86904243026913],[-118.23543689639837,36.865126231835674],[-118.23529709994936,36.86438673071347],[-118.23540512632687,36.864407241489786],[-118.23647794555585,36.86874445675183],[-118.23642889693902,36.86904243026913]]],[[[-118.23653710450674,36.86907375490204],[-118.23648973100066,36.869058022569575],[-118.23652277231375,36.86901981982046],[-118.23653710450674,36.86907375490204]]],[[[-118.23669404481183,36.870040229087294],[-118.23650850837868,36.86938774088035],[-118.23653220462262,36.86918738273314],[-118.23673067836494,36.869807285763834],[-118.23669404481183,36.870040229087294]]],[[[-118.23685248844974,36.87068218206215],[-118.23670977218221,36.87018068434133],[-118.23676860201688,36.870071903681044],[-118.23689689848644,36.870514058811516],[-118.23685248844974,36.87068218206215]]]]}},{"type":"Feature","properties":{"segment_id":31,"mask_origin":"sam_amg"},"geometry":{"type":"MultiPolygon","coordinates":[[[[-118.22835597553849,36.8689206305279],[-118.22833500539298,36.86887217144938],[-118.22836183997867,36.86886648564851],[-118.22835597553849,36.8689206305279]]],[[[-118.22898610516559,36.87001743425712],[-118.22834364054324,36.86899106756743],[-118.22841568231635,36.86886592909088],[-118.2284989570864,36.86902191260211],[-118.22863812836381,36.868885263155256],[-118.2287670433024,36.868948831356654],[-118.22869378950102,36.86899826461087],[-118.22952725004716,36.869341191858354],[-118.22898610516559,36.87001743425712]],[[-118.22857437606447,36.86910766772961],[-118.22860060449105,36.86906412916041],[-118.22858705727089,36.86905886079315],[-118.22857437606447,36.86910766772961]]]]}},{"type":"Feature","properties":{"segment_id":32,"mask_origin":"sam_amg"},"geometry":{"type":"Polygon","coordinates":[[[-118.22876744115185,36.86981417531822],[-118.22895967656306,36.86962830097919],[-118.22935746088757,36.86966745395118],[-118.22954088404944,36.86935186764436],[-118.22863760873359,36.86885281797171],[-118.22837186055743,36.869071902259755],[-118.22876744115185,36.86981417531822]]]}},{"type":"Feature","properties":{"segment_id":33,"mask_origin":"sam_amg"},"geometry":{"type":"Polygon","coordinates":[[[-118.22469563069264,36.86775232982146],[-118.22499736735769,36.86767891028288],[-118.2248153930449,36.867664560671194],[-118.22498287084069,36.86761415856428],[-118.22489270190954,36.86744742668361],[-118.22529245332979,36.8671891095074],[-118.22513360123709,36.86693655106659],[-118.22448871507417,36.866597058046324],[-118.22450519984316,36.86762989829743],[-118.22469563069264,36.86775232982146]],[[-118.22493213323581,36.86738752752634],[-118.22477043646414,36.8673783772554],[-118.22475663081524,36.86735688582019],[-118.22496405726447,36.86727902987489],[-118.22493213323581,36.86738752752634]]]}},{"type":"Feature","properties":{"segment_id":34,"mask_origin":"sam_amg"},"geometry":{"type":"Polygon","coordinates":[[[-118.22669193574531,36.873464671063],[-118.22553895652428,36.87124288825979],[-118.22542237824372,36.871108879836086],[-118.22526766319436,36.87111588359313],[-118.22643539095455,36.87341864328789],[-118.22669193574531,36.873464671063]]]}},{"type":"Feature","properties":{"segment_id":35,"mask_origin":"sam_amg"},"geometry":{"type":"Polygon","coordinates":[[[-118.23073643772283,36.87296313504992],[-118.2314818028862,36.87284724455399],[-118.23172701557264,36.872606732581495],[-118.23161059816415,36.872483545539964],[-118.23169006290736,36.87240159559993],[-118.23069428178597,36.872433546345974],[-118.2305437287872,36.87270011812739],[-118.23058714893887,36.87288896324],[-118.23073643772283,36.87296313504992]],[[-118.23117614686794,36.87267734227503],[-118.23114957156606,36.87269925129472],[-118.23115569462593,36.87266132890833],[-118.23117614686794,36.87267734227503]],[[-118.23153156735538,36.87259253303551],[-118.23147151275313,36.87262560593168],[-118.2314576174468,36.872598707824345],[-118.23153156735538,36.87259253303551]],[[-118.231181575544,36.87259615971137],[-118.23114145224916,36.87261280067397],[-118.23115439271203,36.872580216077495],[-118.231181575544,36.87259615971137]]]}},{"type":"Feature","properties":{"segment_id":36,"mask_origin":"sam_amg"},"geometry":{"type":"Polygon","coordinates":[[[-118.23629852137441,36.870141696146085],[-118.23643112441259,36.87001592286333],[-118.23632188959827,36.8695032593833],[-118.2361464653817,36.86947804219975],[-118.23608214579521,36.86924614912999],[-118.23596781771194,36.86925274669168],[-118.23553566037056,36.86958715433359],[-118.23548530127582,36.86980401476206],[-118.23629852137441,36.870141696146085]]]}},{"type":"Feature","properties":{"segment_id":37,"mask_origin":"sam_amg"},"geometry":{"type":"Polygon","coordinates":[[[-118.23077409404142,36.868448507044754],[-118.2309320707376,36.86820349407999],[-118.23125940450429,36.868119995531565],[-118.23156434935522,36.86824692320228],[-118.23166827398873,36.868509925244965],[-118.23151029906913,36.86875493914437],[-118.23118296290554,36.86883843842029],[-118.23087801627804,36.86871150981495],[-118.23077409404142,36.868448507044754]]]}},{"type":"Feature","properties":{"segment_id":38,"mask_origin":"sam_amg"},"geometry":{"type":"Polygon","coordinates":[[[-118.22928525405868,36.86865321226008],[-118.22944323597007,36.868408201187435],[-118.22977057234202,36.86832470669729],[-118.23007551566222,36.86845163821523],[-118.23017943552559,36.86871464164044],[-118.23002145539068,36.86895965364778],[-118.22969411662172,36.869043148865366],[-118.22938917152506,36.86891621641272],[-118.22928525405868,36.86865321226008]]]}},{"type":"Feature","properties":{"segment_id":39,"mask_origin":"sam_amg"},"geometry":{"type":"Polygon","coordinates":[[[-118.23114838220327,36.87010862931258],[-118.23085995766289,36.869932920452854],[-118.2308361911538,36.86962521810828],[-118.23111715657694,36.869415252693265],[-118.23149740837464,36.86945655266577],[-118.23168063118008,36.869649784274344],[-118.2316696923255,36.86989254408518],[-118.23146955627706,36.87007462420363],[-118.23114838220327,36.87010862931258]]]}},{"type":"Feature","properties":{"segment_id":40,"mask_origin":"sam_amg"},"geometry":{"type":"Polygon","coordinates":[[[-118.23255475394109,36.873009189891896],[-118.23298998578336,36.87286405581925],[-118.23316254797037,36.872710829437345],[-118.23315373090584,36.872581118852324],[-118.2320771367034,36.87219206296523],[-118.23200718248295,36.87244698403353],[-118.23251158956012,36.87283656815026],[-118.23255475394109,36.873009189891896]],[[-118.23226337951839,36.87247136970395],[-118.23217062784774,36.872564274636915],[-118.23213558500234,36.87247810325887],[-118.23226337951839,36.87247136970395]]]}},{"type":"Feature","properties":{"segment_id":41,"mask_origin":"sam_amg"},"geometry":{"type":"MultiPolygon","coordinates":[[[[-118.2297929563623,36.87205887958799],[-118.2297801020941,36.87209687157335],[-118.22973342155099,36.87212439676689],[-118.22971296975388,36.872108383142105],[-118.2297929563623,36.87205887958799]]],[[[-118.23023021729145,36.87245998524935],[-118.23021580208336,36.87240064184259],[-118.2302292632786,36.87240050248414],[-118.23023021729145,36.87245998524935]]],[[[-118.22942852518622,36.87284146333957],[-118.22926603658073,36.872783651686376],[-118.2291812828268,36.87253574096993],[-118.22925459744799,36.87206985824352],[-118.22953063752003,36.872072410869784],[-118.22972998528974,36.87232995237971],[-118.22981488203115,36.87216682112809],[-118.23000920166774,36.87211072570226],[-118.23004366814534,36.872580901670304],[-118.22942852518622,36.87284146333957]]]]}},{"type":"Feature","properties":{"segment_id":42,"mask_origin":"sam_amg"},"geometry":{"type":"MultiPolygon","coordinates":[[[[-118.23410785516813,36.87205200548063],[-118.2340544456941,36.87207960224133],[-118.2340538367162,36.87204174962468],[-118.23410785516813,36.87205200548063]]],[[[-118.23392487980483,36.87239463605209],[-118.23389087892045,36.872373355425],[-118.2339312624357,36.87237293609655],[-118.23392487980483,36.87239463605209]]],[[[-118.23365713476745,36.87248935909397],[-118.23356868040509,36.87243078473208],[-118.23357428046336,36.87236041713777],[-118.23376317173793,36.87238549824182],[-118.23365713476745,36.87248935909397]]],[[[-118.23439152300597,36.872946856815794],[-118.23411513193221,36.87292268548137],[-118.2338409484694,36.872617252759916],[-118.23410083209156,36.87245230149079],[-118.2342307453814,36.8721588975676],[-118.23446019380174,36.87219437315922],[-118.23477563218985,36.872553459986634],[-118.23463864158904,36.87282530433149],[-118.23439152300597,36.872946856815794]],[[-118.23414182467525,36.872489734703],[-118.23417469459275,36.87244071754717],[-118.23411420627386,36.87244675417594],[-118.23414182467525,36.872489734703]]]]}},{"type":"Feature","properties":{"segment_id":43,"mask_origin":"sam_amg"},"geometry":{"type":"Polygon","coordinates":[[[-118.23236026539837,36.86869509368041],[-118.23190694926446,36.86872069559061],[-118.23189571847298,36.86844049833862],[-118.23172989423928,36.868593710030396],[-118.23166498485071,36.86833216372412],[-118.23172989368777,36.868201515738754],[-118.23185208760779,36.86810077041746],[-118.23223088014781,36.868051603367256],[-118.23249914816783,36.86822388976783],[-118.23254736688051,36.86846369931518],[-118.23236026539837,36.86869509368041]],[[-118.23173918636586,36.868333952398245],[-118.2317113103986,36.868274748656034],[-118.2316919010688,36.86832362564914],[-118.23173918636586,36.868333952398245]]]}},{"type":"Feature","properties":{"segment_id":44,"mask_origin":"sam_amg"},"geometry":{"type":"MultiPolygon","coordinates":[[[[-118.23328486526052,36.87236342115164],[-118.23306705249095,36.87221424572265],[-118.23273760195161,36.872239297502944],[-118.23276165635781,36.87206057008031],[-118.23294094779618,36.87190727420257],[-118.23381774534602,36.87201175063507],[-118.23405752238362,36.871852416642426],[-118.23421702322297,36.87214281482975],[-118.23391667041913,36.87230277815726],[-118.23328486526052,36.87236342115164]]],[[[-118.23396027257095,36.87250243693292],[-118.23387251385051,36.87248712293469],[-118.23397355978,36.87249148211717],[-118.23396027257095,36.87250243693292]]]]}},{"type":"Feature","properties":{"segment_id":45,"mask_origin":"sam_amg"},"geometry":{"type":"MultiPolygon","coordinates":[[[[-118.2263271299903,36.87169988171848],[-118.226159125651,36.87171784063618],[-118.22614540524009,36.8717017569323],[-118.2263271299903,36.87169988171848]]],[[[-118.22650920057933,36.871719636356154],[-118.22646803914621,36.871671385364685],[-118.22662327399163,36.87169682521928],[-118.22650920057933,36.871719636356154]]],[[[-118.2276719605936,36.87202672650899],[-118.22718433147033,36.87184246840723],[-118.22714031477061,36.87161576913539],[-118.22739330631876,36.87144008674813],[-118.22812736580302,36.87145954472692],[-118.22816543399261,36.87173498090916],[-118.22800020029995,36.87192598335328],[-118.2276719605936,36.87202672650899]],[[-118.22761887514334,36.871654093673015],[-118.22773346739828,36.87166372665775],[-118.22773329429816,36.871652911597984],[-118.22761887514334,36.871654093673015]],[[-118.22804229303432,36.871611859784956],[-118.22810968494902,36.8716165717501],[-118.22810959837258,36.871611164220944],[-118.22804229303432,36.871611859784956]]]]}},{"type":"Feature","properties":{"segment_id":46,"mask_origin":"sam_amg"},"geometry":{"type":"Polygon","coordinates":[[[-118.23208790347937,36.871185984922356],[-118.2324418390552,36.87100924522649],[-118.23241973632477,36.870890489170726],[-118.23175468083687,36.87055665394027],[-118.23161325494004,36.87055271135684],[-118.23138203000725,36.870825528716786],[-118.23148155192501,36.87115441118232],[-118.23208790347937,36.871185984922356]]]}},{"type":"Feature","properties":{"segment_id":47,"mask_origin":"sam_amg"},"geometry":{"type":"Polygon","coordinates":[[[-118.23442526320643,36.87295191474508],[-118.23463191096533,36.872825374261296],[-118.23476890159033,36.87255352992377],[-118.2345928615591,36.87249045797384],[-118.23461044222489,36.8723280227353],[-118.23429140749076,36.87216367591578],[-118.23415206668504,36.87228951680169],[-118.2341757386729,36.87250560773965],[-118.23387477547841,36.872627718365706],[-118.23410149665925,36.872912010250076],[-118.23442526320643,36.87295191474508]]]}},{"type":"Feature","properties":{"segment_id":48,"mask_origin":"sam_amg"},"geometry":{"type":"Polygon","coordinates":[[[-118.22904392565752,36.87278594912638],[-118.22918659850633,36.87202729425071],[-118.22887251423148,36.872171161674665],[-118.22862261657889,36.87211966142672],[-118.22823527362038,36.872312960392506],[-118.22826557300357,36.872523575719654],[-118.22885925300541,36.87260397263533],[-118.22904392565752,36.87278594912638]]]}},{"type":"Feature","properties":{"segment_id":49,"mask_origin":"sam_amg"},"geometry":{"type":"Polygon","coordinates":[[[-118.23526226339638,36.87225634779697],[-118.23535973840615,36.87203899773139],[-118.23558866429568,36.87204202605924],[-118.23564688732753,36.87189539333659],[-118.23535425185784,36.871698324338084],[-118.2350848567822,36.871690307751905],[-118.23482895047667,36.87126570203567],[-118.23473356390295,36.87161283208105],[-118.23487760341928,36.87177899637002],[-118.23471229957579,36.87196460032397],[-118.23526226339638,36.87225634779697]]]}},{"type":"Feature","properties":{"segment_id":50,"mask_origin":"sam_amg"},"geometry":{"type":"Polygon","coordinates":[[[-118.22775272744722,36.87202589207128],[-118.22817880849975,36.87172943425615],[-118.2279750742607,36.871617962840304],[-118.2281276255347,36.87147576731468],[-118.2273737204255,36.87147814801436],[-118.22714704530715,36.87161569963177],[-118.22719787909584,36.87184773692471],[-118.22775272744722,36.87202589207128]],[[-118.22772000631967,36.871663865731165],[-118.22763199004925,36.87163232449066],[-118.22772656375984,36.871652981134865],[-118.22772000631967,36.871663865731165]]]}},{"type":"Feature","properties":{"segment_id":51,"mask_origin":"sam_amg"},"geometry":{"type":"Polygon","coordinates":[[[-118.22731670603213,36.867914584124485],[-118.22751636277098,36.86777190285019],[-118.2271089883327,36.86713250711971],[-118.22649560712726,36.867501203932584],[-118.22731670603213,36.867914584124485]]]}},{"type":"Feature","properties":{"segment_id":52,"mask_origin":"sam_amg"},"geometry":{"type":"Polygon","coordinates":[[[-118.22765579660113,36.87143737527708],[-118.22808507805024,36.871340996427634],[-118.22807014529413,36.87124920753785],[-118.22754748326172,36.870978778112914],[-118.22674724784751,36.87103030920439],[-118.22673715952,36.871241341926954],[-118.22765579660113,36.87143737527708]]]}},{"type":"Feature","properties":{"segment_id":53,"mask_origin":"sam_amg"},"geometry":{"type":"Polygon","coordinates":[[[-118.22756191669754,36.867674080602335],[-118.22771997978968,36.86745611064383],[-118.22772108514398,36.867104551411025],[-118.22782902699848,36.8671196614987],[-118.22777362818077,36.86702288215646],[-118.22788579022455,36.86688110417853],[-118.22729388564811,36.86690885219076],[-118.22706205030562,36.867143808642275],[-118.22708621930244,36.86739234678438],[-118.22756191669754,36.867674080602335]]]}},{"type":"Feature","properties":{"segment_id":54,"mask_origin":"sam_amg"},"geometry":{"type":"Polygon","coordinates":[[[-118.22983959418339,36.8694205275405],[-118.22999443617171,36.869248185750166],[-118.23028839169736,36.869198035025825],[-118.23054038685845,36.869329577600595],[-118.2306028069974,36.869565758191314],[-118.23040629412809,36.86978448228692],[-118.2301076338006,36.86981124207848],[-118.22987289883534,36.86966048683032],[-118.22983959418339,36.8694205275405]]]}},{"type":"Feature","properties":{"segment_id":55,"mask_origin":"sam_amg"},"geometry":{"type":"Polygon","coordinates":[[[-118.23114092333549,36.87341866087515],[-118.23172067478072,36.87305028880944],[-118.23175241760737,36.87293097452806],[-118.23159657095898,36.87286768881117],[-118.23137654344603,36.8729997711227],[-118.230972878133,36.873014770214],[-118.23023054606952,36.87331992087686],[-118.23025247276325,36.87342786229575],[-118.23114092333549,36.87341866087515]]]}},{"type":"Feature","properties":{"segment_id":56,"mask_origin":"sam_amg"},"geometry":{"type":"Polygon","coordinates":[[[-118.22645827534797,36.865587005259634],[-118.22657760007684,36.86547219671162],[-118.22671996756377,36.865535628382574],[-118.22663713262813,36.86540668108762],[-118.22676180341027,36.86520528229183],[-118.22661270654102,36.86514192012024],[-118.2264391103278,36.86523024664802],[-118.22643513417424,36.86498149987775],[-118.22576455735198,36.86513985437415],[-118.22577526134843,36.86538853178433],[-118.22597112240784,36.8654297788695],[-118.22599683268277,36.8653537956097],[-118.22596214586727,36.86528925227707],[-118.22596827101253,36.86525133007533],[-118.2261467936691,36.86547123394131],[-118.22645827534797,36.865587005259634]],[[-118.2264127090357,36.86526296968928],[-118.22635187990659,36.86524737212651],[-118.22641244972512,36.86524674707409],[-118.2264127090357,36.86526296968928]]]}},{"type":"Feature","properties":{"segment_id":57,"mask_origin":"sam_amg"},"geometry":{"type":"Polygon","coordinates":[[[-118.22449008950782,36.86499614829829],[-118.22532865750912,36.864819843711956],[-118.22561985144709,36.8645085603754],[-118.22466411669073,36.864513004633096],[-118.22445721510337,36.864623305215986],[-118.22449008950782,36.86499614829829]]]}},{"type":"Feature","properties":{"segment_id":58,"mask_origin":"sam_amg"},"geometry":{"type":"MultiPolygon","coordinates":[[[[-118.22688683469704,36.87260271964624],[-118.22652303510802,36.87258484146003],[-118.22631307633483,36.872084024900616],[-118.2267207013418,36.87189593121918],[-118.22702945872236,36.872260516331906],[-118.2270259287133,36.872460664465024],[-118.22688683469704,36.87260271964624]]],[[[-118.22667275189917,36.87268605611906],[-118.22660561852925,36.872697565949075],[-118.22661183031666,36.87266505128668],[-118.22667275189917,36.87268605611906]]],[[[-118.22672384450917,36.872934316179666],[-118.22672962384671,36.87287476385897],[-118.2267373058157,36.872934177215],[-118.22672384450917,36.872934316179666]]]]}},{"type":"Feature","properties":{"segment_id":59,"mask_origin":"sam_amg"},"geometry":{"type":"Polygon","coordinates":[[[-118.2334947181469,36.86741253660892],[-118.2339438987785,36.86729970494554],[-118.23395388007908,36.86708326432917],[-118.2336082962023,36.86694082471493],[-118.23333270938755,36.86696531883439],[-118.2330257696033,36.86671430794027],[-118.23323740772139,36.867317855473544],[-118.2334947181469,36.86741253660892]]]}},{"type":"Feature","properties":{"segment_id":60,"mask_origin":"sam_amg"},"geometry":{"type":"Polygon","coordinates":[[[-118.22515876609724,36.871041288390785],[-118.22538190888216,36.87110388872602],[-118.22536654749982,36.870985061756116],[-118.22453480549007,36.86948468424939],[-118.22454110675001,36.86987943453482],[-118.22515876609724,36.871041288390785]]]}},{"type":"Feature","properties":{"segment_id":61,"mask_origin":"sam_amg"},"geometry":{"type":"Polygon","coordinates":[[[-118.22696116372305,36.87346189151817],[-118.22667992969588,36.87313488118236],[-118.22664842368154,36.87284855996285],[-118.22629772582366,36.87238705507805],[-118.22628727785964,36.872154600648024],[-118.22613885920558,36.872134498456695],[-118.2261431694895,36.871983018092315],[-118.2259943190594,36.8719358780479],[-118.22671885854476,36.873464393135954],[-118.22696116372305,36.87346189151817]],[[-118.22645884155511,36.87278020727645],[-118.2264122458344,36.87281313872314],[-118.22642484250734,36.8727589244791],[-118.22645884155511,36.87278020727645]]]}},{"type":"Feature","properties":{"segment_id":62,"mask_origin":"sam_amg"},"geometry":{"type":"MultiPolygon","coordinates":[[[[-118.22456320528903,36.871263764087935],[-118.22454499114949,36.870122773738316],[-118.22456518238576,36.87012256567443],[-118.2250372718204,36.87102090721057],[-118.22493269261307,36.87121668859363],[-118.22471610767057,36.87114320297708],[-118.22456320528903,36.871263764087935]]],[[[-118.22479860051722,36.87125052129004],[-118.2247580447762,36.87124012243196],[-118.22478462145094,36.871218214812274],[-118.22479860051722,36.87125052129004]]],[[[-118.22483803818797,36.871612479343476],[-118.22467607349954,36.87158710650608],[-118.22485797077246,36.87159604861537],[-118.22483803818797,36.871612479343476]]]]}},{"type":"Feature","properties":{"segment_id":63,"mask_origin":"sam_amg"},"geometry":{"type":"MultiPolygon","coordinates":[[[[-118.23445445014383,36.87183747711109],[-118.23390501424659,36.87157817087073],[-118.23413544925512,36.871256681104065],[-118.23445712025986,36.87116680524837],[-118.2346611234954,36.87129448795388],[-118.2345811409062,36.87134399471851],[-118.23467806601874,36.871510648735246],[-118.23451827437246,36.87162047727165],[-118.23459509515253,36.87179274862323],[-118.23445445014383,36.87183747711109]]],[[[-118.23459300634019,36.871662968242475],[-118.23458601471917,36.87164681561999],[-118.2345927452396,36.87164674569467],[-118.23459300634019,36.871662968242475]]]]}},{"type":"Feature","properties":{"segment_id":64,"mask_origin":"sam_amg"},"geometry":{"type":"Polygon","coordinates":[[[-118.22884287989763,36.87158194999119],[-118.22910863519016,36.87136286460461],[-118.22864085208354,36.87115677348934],[-118.22804926121994,36.87120615596554],[-118.22822789068464,36.87143146365265],[-118.22884287989763,36.87158194999119]]]}},{"type":"Feature","properties":{"segment_id":65,"mask_origin":"sam_amg"},"geometry":{"type":"Polygon","coordinates":[[[-118.23714884769693,36.86944056891932],[-118.23712434353838,36.867921057639364],[-118.23708396241497,36.867921478009535],[-118.23682296713564,36.8680161378319],[-118.23680521753374,36.86816775837868],[-118.23714884769693,36.86944056891932]]]}},{"type":"Feature","properties":{"segment_id":66,"mask_origin":"sam_amg"},"geometry":{"type":"Polygon","coordinates":[[[-118.23520807050294,36.87223527744345],[-118.23529243287618,36.872039697408056],[-118.23559548195367,36.872047363590035],[-118.23563989546375,36.87187924078124],[-118.23519944982249,36.87169993351766],[-118.23489744679158,36.87175715648192],[-118.23473170782145,36.8719157228854],[-118.23520807050294,36.87223527744345]]]}},{"type":"Feature","properties":{"segment_id":67,"mask_origin":"sam_amg"},"geometry":{"type":"Polygon","coordinates":[[[-118.23397391755184,36.87125835856978],[-118.23435485785035,36.87108674120775],[-118.23430147976842,36.87069788933672],[-118.23396504482984,36.87070679175239],[-118.23371914944035,36.87090404802953],[-118.23379814207217,36.87121150791523],[-118.23397391755184,36.87125835856978]]]}},{"type":"Feature","properties":{"segment_id":68,"mask_origin":"sam_amg"},"geometry":{"type":"Polygon","coordinates":[[[-118.23395390006247,36.87126938327276],[-118.23435529292544,36.87111377879237],[-118.234294662321,36.8706925517266],[-118.23399895799338,36.87072266485944],[-118.23375358447593,36.87095236631538],[-118.23372901083474,36.87109864881309],[-118.23395390006247,36.87126938327276]]]}},{"type":"Feature","properties":{"segment_id":69,"mask_origin":"sam_amg"},"geometry":{"type":"Polygon","coordinates":[[[-118.23425035369301,36.87295914000304],[-118.23463864158904,36.87282530433149],[-118.23475491810466,36.872521224708116],[-118.23437266638716,36.87261173069564],[-118.23396096850466,36.87254569706436],[-118.23394460430126,36.87278383745506],[-118.23425035369301,36.87295914000304]]]}},{"type":"Feature","properties":{"segment_id":70,"mask_origin":"sam_amg"},"geometry":{"type":"Polygon","coordinates":[[[-118.23014570185073,36.87306660341513],[-118.23044658621015,36.87293909457905],[-118.2303723405932,36.87250718960424],[-118.22967591166697,36.87273614361138],[-118.22974573211815,36.87289226532178],[-118.22998829535277,36.87290598013859],[-118.23014570185073,36.87306660341513]]]}},{"type":"Feature","properties":{"segment_id":71,"mask_origin":"sam_amg"},"geometry":{"type":"MultiPolygon","coordinates":[[[[-118.23108943885508,36.871888611039985],[-118.23127346745963,36.87161087486773],[-118.23160143991966,36.871493899309456],[-118.231638218191,36.87168822131789],[-118.23108943885508,36.871888611039985]]],[[[-118.23139891113063,36.87229644459228],[-118.23114071868598,36.87214768402474],[-118.2314383857085,36.871820094428585],[-118.23160725705736,36.87185620328365],[-118.2316185024935,36.87213732465434],[-118.23139891113063,36.87229644459228]]]]}},{"type":"Feature","properties":{"segment_id":72,"mask_origin":"sam_amg"},"geometry":{"type":"Polygon","coordinates":[[[-118.23114092333549,36.87341866087515],[-118.23170730031353,36.87305583585946],[-118.2317594087612,36.872947127322746],[-118.23160338842077,36.8728730265741],[-118.2307128121862,36.87316889974078],[-118.23081785044678,36.873422007614494],[-118.23114092333549,36.87341866087515]]]}},{"type":"Feature","properties":{"segment_id":73,"mask_origin":"sam_amg"},"geometry":{"type":"Polygon","coordinates":[[[-118.22758072283959,36.8675873514959],[-118.22771885482487,36.86738581270476],[-118.22770546152417,36.86696950211463],[-118.22721372965687,36.866947538964816],[-118.2271352169569,36.86708896885694],[-118.22723919658354,36.86727719009996],[-118.22758072283959,36.8675873514959]]]}},{"type":"Feature","properties":{"segment_id":74,"mask_origin":"sam_amg"},"geometry":{"type":"MultiPolygon","coordinates":[[[[-118.23525665009191,36.86689125193871],[-118.23479276550022,36.866090217583746],[-118.23398503345544,36.864416587005316],[-118.23418133095363,36.86448485814556],[-118.23525665009191,36.86689125193871]]],[[[-118.235532908035,36.86732646238905],[-118.23544463250678,36.86727870432628],[-118.23541475133321,36.86709512856684],[-118.235532908035,36.86732646238905]]]]}},{"type":"Feature","properties":{"segment_id":75,"mask_origin":"sam_amg"},"geometry":{"type":"Polygon","coordinates":[[[-118.23081030128188,36.87295155318032],[-118.2310909053542,36.87281884435453],[-118.23113133673348,36.87240197703948],[-118.23072784801874,36.8724277902881],[-118.23062224058559,36.87255868612377],[-118.23060708058802,36.87287253156749],[-118.23081030128188,36.87295155318032]]]}},{"type":"Feature","properties":{"segment_id":76,"mask_origin":"sam_amg"},"geometry":{"type":"Polygon","coordinates":[[[-118.22689339233321,36.872591835093935],[-118.2269895076592,36.87228797096827],[-118.22642697743129,36.87205039887804],[-118.2263288717128,36.872229889356696],[-118.22652976573114,36.87258477198982],[-118.22689339233321,36.872591835093935]]]}},{"type":"Feature","properties":{"segment_id":77,"mask_origin":"sam_amg"},"geometry":{"type":"MultiPolygon","coordinates":[[[[-118.2265251947886,36.867246702423266],[-118.22629213422634,36.86698409458663],[-118.22656909387277,36.86662428001649],[-118.22673061626985,36.866622612793215],[-118.22694409216513,36.866923280984516],[-118.2265251947886,36.867246702423266]]],[[[-118.22632182070983,36.867156857973484],[-118.22627522827592,36.867189789335136],[-118.22626789309655,36.86715200602369],[-118.22632182070983,36.867156857973484]]],[[[-118.22650612817098,36.86731720877898],[-118.22639145610363,36.86730216694462],[-118.22652605930023,36.867300777786554],[-118.22650612817098,36.86731720877898]]]]}},{"type":"Feature","properties":{"segment_id":78,"mask_origin":"sam_amg"},"geometry":{"type":"Polygon","coordinates":[[[-118.23013897119445,36.873066673090904],[-118.23044002905557,36.87294997931808],[-118.2303873631244,36.87260438565388],[-118.23049184331435,36.87240319221302],[-118.23030434065484,36.87246462627283],[-118.2302813734212,36.87229179455344],[-118.23009834675855,36.872212562971015],[-118.23026378357432,36.87245422932175],[-118.22997483406759,36.87290611947139],[-118.23013897119445,36.873066673090904]]]}},{"type":"Feature","properties":{"segment_id":79,"mask_origin":"sam_amg"},"geometry":{"type":"Polygon","coordinates":[[[-118.22682674708506,36.8717920763892],[-118.22689732351176,36.871575010758654],[-118.22695919574277,36.87165549830924],[-118.2270320206795,36.871579028421884],[-118.22695660088888,36.87149327236332],[-118.22598145217107,36.87155201261901],[-118.22612581865856,36.87173981800384],[-118.22682674708506,36.8717920763892]]]}},{"type":"Feature","properties":{"segment_id":80,"mask_origin":"sam_amg"},"geometry":{"type":"MultiPolygon","coordinates":[[[[-118.23615027864261,36.87013242145827],[-118.23598831379387,36.8701070640463],[-118.23599426002939,36.8700583264135],[-118.23615027864261,36.87013242145827]]],[[[-118.23505250266285,36.87051701679906],[-118.23489657132683,36.87044832782876],[-118.23487376860253,36.8702863121534],[-118.23519990117859,36.87005576900029],[-118.23558904375882,36.86997600561958],[-118.23557137846801,36.87013303350209],[-118.23505250266285,36.87051701679906]]]]}},{"type":"Feature","properties":{"segment_id":81,"mask_origin":"sam_amg"},"geometry":{"type":"Polygon","coordinates":[[[-118.22765553696958,36.87142115268633],[-118.22777140664246,36.87109004170322],[-118.22759468315687,36.870983698956145],[-118.22697798725356,36.871146912359116],[-118.22732909776616,36.871213596087905],[-118.22707299271057,36.87119460719808],[-118.22706764623892,36.871281197202684],[-118.22765553696958,36.87142115268633]]]}},{"type":"Feature","properties":{"segment_id":82,"mask_origin":"sam_amg"},"geometry":{"type":"Polygon","coordinates":[[[-118.2248990400772,36.87121703547769],[-118.22498489592738,36.871113390377225],[-118.22482008294423,36.87090956901882],[-118.22494692585398,36.870843360468115],[-118.22454732181157,36.870268777255454],[-118.22455932067086,36.87102042493291],[-118.22489084165021,36.87112517673995],[-118.2248990400772,36.87121703547769]]]}},{"type":"Feature","properties":{"segment_id":83,"mask_origin":"sam_amg"},"geometry":{"type":"Polygon","coordinates":[[[-118.23119808240588,36.87194697809988],[-118.23166487983528,36.8716717197162],[-118.23157881740379,36.87134269795131],[-118.23139631259316,36.871295913474725],[-118.23137407811635,36.87158819867257],[-118.2310938261433,36.87174253819367],[-118.2310351605328,36.8718621312329],[-118.23119808240588,36.87194697809988]]]}},{"type":"Feature","properties":{"segment_id":84,"mask_origin":"sam_amg"},"geometry":{"type":"Polygon","coordinates":[[[-118.23509961560329,36.87051652714173],[-118.23541220055685,36.87028071579655],[-118.23562356662438,36.870029730872076],[-118.23543415812478,36.86997220752517],[-118.23487376860253,36.8702863121534],[-118.23491029331213,36.8704644104956],[-118.23509961560329,36.87051652714173]]]}},{"type":"Feature","properties":{"segment_id":85,"mask_origin":"sam_amg"},"geometry":{"type":"Polygon","coordinates":[[[-118.23063612192345,36.87342388976955],[-118.2307813335991,36.87324390795133],[-118.23063929544107,36.873202111643835],[-118.23065497589256,36.872920711351156],[-118.23051328540213,36.872900544970506],[-118.23024010449838,36.87307644296146],[-118.23031018662816,36.873248786874264],[-118.23020327643887,36.87329856950504],[-118.23025247276325,36.87342786229575],[-118.23063612192345,36.87342388976955]]]}},{"type":"Feature","properties":{"segment_id":86,"mask_origin":"sam_amg"},"geometry":{"type":"MultiPolygon","coordinates":[[[[-118.23529901433932,36.871612363843724],[-118.23528537914365,36.87160168874472],[-118.23529892725617,36.87160695632919],[-118.23529901433932,36.871612363843724]]],[[[-118.23471221253286,36.87195919280857],[-118.23487769047328,36.871784403885265],[-118.23469291967868,36.87159702912742],[-118.23479283284459,36.87153108993081],[-118.23467693451265,36.87144035102822],[-118.23474171528008,36.871282833748836],[-118.23499326808556,36.87143706390029],[-118.2350716569384,36.871706670202784],[-118.23539507044667,36.871724942090175],[-118.23471221253286,36.87195919280857]]],[[[-118.23533275400261,36.8716174215262],[-118.23531291079138,36.871639261484525],[-118.23529901433932,36.871612363843724],[-118.23533275400261,36.8716174215262]]]]}},{"type":"Feature","properties":{"segment_id":87,"mask_origin":"sam_amg"},"geometry":{"type":"MultiPolygon","coordinates":[[[[-118.22736449904158,36.871743256049655],[-118.22735768197055,36.87173791803522],[-118.22736441251726,36.8717378485191],[-118.22736449904158,36.871743256049655]]],[[[-118.227258540623,36.87185251887645],[-118.22787342376033,36.87157574582071],[-118.22804489019512,36.871774085661585],[-118.22798665260794,36.87192071492865],[-118.22771225747113,36.87202090176739],[-118.227258540623,36.87185251887645]]]]}},{"type":"Feature","properties":{"segment_id":88,"mask_origin":"sam_amg"},"geometry":{"type":"MultiPolygon","coordinates":[[[[-118.227615233103,36.873108997223916],[-118.22743911083015,36.87304050706636],[-118.22752609018016,36.87300715806558],[-118.22743056297766,36.872927018473796],[-118.22746843736152,36.87276978298451],[-118.22767061610789,36.872783919684274],[-118.22786364052598,36.872646714783116],[-118.22802690700279,36.87275319613516],[-118.22794339091064,36.8730028466279],[-118.227615233103,36.873108997223916]]],[[[-118.22736481397469,36.87302504920413],[-118.22722243189801,36.87296161865011],[-118.22727497930642,36.87287994961116],[-118.22734910295028,36.87288459247378],[-118.22736481397469,36.87302504920413]]]]}},{"type":"Feature","properties":{"segment_id":89,"mask_origin":"sam_amg"},"geometry":{"type":"MultiPolygon","coordinates":[[[[-118.23191413700721,36.86455705741084],[-118.23186563856774,36.86447102529023],[-118.2317373364551,36.86444531301044],[-118.23199980238114,36.864442592385096],[-118.23191413700721,36.86455705741084]]],[[[-118.23219318942591,36.864748867812445],[-118.23208429499148,36.864674278836375],[-118.23217616909406,36.864527298751334],[-118.23207383122568,36.86444182492447],[-118.23294198746625,36.86443282126456],[-118.23219318942591,36.864748867812445]]]]}},{"type":"Feature","properties":{"segment_id":90,"mask_origin":"sam_amg"},"geometry":{"type":"Polygon","coordinates":[[[-118.22698815650443,36.87304516422744],[-118.22738171783814,36.87281935452852],[-118.22733166148991,36.87263598514194],[-118.2271090317785,36.872605833777484],[-118.22706330150761,36.87269284077624],[-118.22696768867988,36.87260729326154],[-118.22684818076858,36.872711287198655],[-118.22685932249541,36.87298700176905],[-118.22698815650443,36.87304516422744]]]}},{"type":"Feature","properties":{"segment_id":91,"mask_origin":"sam_amg"},"geometry":{"type":"Polygon","coordinates":[[[-118.22665090623258,36.867110194180526],[-118.22693718908155,36.86691253539746],[-118.22668341911184,36.86661769155273],[-118.22631232462349,36.86698388624104],[-118.22665090623258,36.867110194180526]]]}},{"type":"Feature","properties":{"segment_id":92,"mask_origin":"sam_amg"},"geometry":{"type":"Polygon","coordinates":[[[-118.23432500365469,36.87174147018955],[-118.234464082128,36.871599406564464],[-118.23438613060969,36.87135683739792],[-118.23448447729622,36.87119356316008],[-118.2341489972308,36.87126194882254],[-118.23409811124638,36.87144636359383],[-118.23395764053689,36.87150190652431],[-118.23406138203846,36.8716738986885],[-118.23432500365469,36.87174147018955]]]}},{"type":"Feature","properties":{"segment_id":93,"mask_origin":"sam_amg"},"geometry":{"type":"MultiPolygon","coordinates":[[[[-118.22559445938525,36.872188790261504],[-118.22544198049691,36.87191453309668],[-118.22526620835346,36.87186766975676],[-118.2254811544104,36.87183841116403],[-118.22559445938525,36.872188790261504]]],[[[-118.22595137494233,36.87303963966584],[-118.22550799844292,36.87225458305426],[-118.22516680455837,36.87196604630661],[-118.22557547720865,36.872264703982516],[-118.22569610950892,36.87223100923468],[-118.22591779748242,36.87262353741496],[-118.22581770224006,36.87267865423781],[-118.22595137494233,36.87303963966584]]],[[[-118.22601496496577,36.872806421378044],[-118.22597432181324,36.872790615423604],[-118.22598036101581,36.872747285724756],[-118.22601496496577,36.872806421378044]]]]}},{"type":"Feature","properties":{"segment_id":94,"mask_origin":"sam_amg"},"geometry":{"type":"Polygon","coordinates":[[[-118.23013224053817,36.873066742766284],[-118.23043994231068,36.87294457179487],[-118.2303258334949,36.87254553007692],[-118.23001978069027,36.87277044369586],[-118.22998156471019,36.872906049805174],[-118.23013224053817,36.873066742766284]]]}},{"type":"Feature","properties":{"segment_id":95,"mask_origin":"sam_amg"},"geometry":{"type":"Polygon","coordinates":[[[-118.23116469000729,36.871963549331774],[-118.23165823613198,36.87167719699763],[-118.23162180511058,36.87150450508442],[-118.2312733806602,36.87160546734499],[-118.23098778635371,36.87184639672499],[-118.23116469000729,36.871963549331774]]]}},{"type":"Feature","properties":{"segment_id":96,"mask_origin":"sam_amg"},"geometry":{"type":"Polygon","coordinates":[[[-118.22704913148037,36.87222786265123],[-118.22727650071158,36.872133571441104],[-118.22714559180866,36.87194562852441],[-118.22711960412106,36.87158353245686],[-118.2267880934468,36.871900643930594],[-118.22685204157506,36.872110912282636],[-118.22704913148037,36.87222786265123]]]}},{"type":"Feature","properties":{"segment_id":97,"mask_origin":"sam_amg"},"geometry":{"type":"Polygon","coordinates":[[[-118.23347908430581,36.867277488267845],[-118.2339436378565,36.86728348238182],[-118.23393360274115,36.86707806645188],[-118.23341355767701,36.866969888170445],[-118.23347908430581,36.867277488267845]]]}},{"type":"Feature","properties":{"segment_id":98,"mask_origin":"sam_amg"},"geometry":{"type":"MultiPolygon","coordinates":[[[[-118.2318256300326,36.872459683006404],[-118.23179145600704,36.87242758672668],[-118.23183883070426,36.872443320902974],[-118.2318256300326,36.872459683006404]]],[[[-118.23190809081159,36.87298344499475],[-118.2316218437704,36.87276466687935],[-118.23188577119431,36.87243201745631],[-118.23200383918225,36.87265794710904],[-118.2321662426094,36.87271034746613],[-118.2320888627318,36.872922078195565],[-118.23190809081159,36.87298344499475]]]]}},{"type":"Feature","properties":{"segment_id":99,"mask_origin":"sam_amg"},"geometry":{"type":"Polygon","coordinates":[[[-118.23213093910832,36.87260795352979],[-118.23227840443096,36.87256856547085],[-118.23232912172789,36.87237333637846],[-118.2326005176929,36.8725057321162],[-118.2326384681449,36.87235390268711],[-118.23205012754863,36.87218693457725],[-118.23200088615258,36.87247409141611],[-118.23213093910832,36.87260795352979]]]}},{"type":"Feature","properties":{"segment_id":100,"mask_origin":"sam_amg"},"geometry":{"type":"MultiPolygon","coordinates":[[[[-118.22527273924331,36.870169356640424],[-118.22514451591432,36.8701490449372],[-118.22526454051723,36.870077497918764],[-118.22527273924331,36.870169356640424]]],[[[-118.22584407616442,36.871380360212456],[-118.2256741715029,36.87127935268169],[-118.22568313951274,36.870998022046905],[-118.22545809628814,36.87081645650067],[-118.22528991412774,36.87040174190078],[-118.22584406626773,36.87095850311893],[-118.22584407616442,36.871380360212456]]]]}},{"type":"Feature","properties":{"segment_id":101,"mask_origin":"sam_amg"},"geometry":{"type":"MultiPolygon","coordinates":[[[[-118.23325679805333,36.87145509776317],[-118.23328485031122,36.87152511610572],[-118.23323013683579,36.87147159971494],[-118.23325679805333,36.87145509776317]]],[[[-118.2342490228432,36.87203972249138],[-118.23376024792874,36.87178519394952],[-118.23360370634266,36.87167865069859],[-118.23379810878119,36.871627956663524],[-118.23467182924729,36.87195961239835],[-118.2342490228432,36.87203972249138]]]]}},{"type":"Feature","properties":{"segment_id":102,"mask_origin":"sam_amg"},"geometry":{"type":"Polygon","coordinates":[[[-118.23479918735474,36.87192583855881],[-118.23510548370008,36.87171713546408],[-118.23500008564811,36.871442401467554],[-118.234781924117,36.87127159911008],[-118.23464275978381,36.8714082555769],[-118.23479265875017,36.871520274899524],[-118.23468679844294,36.87163495166876],[-118.23486248835295,36.87167639346197],[-118.23479918735474,36.87192583855881]]]}},{"type":"Feature","properties":{"segment_id":103,"mask_origin":"sam_amg"},"geometry":{"type":"MultiPolygon","coordinates":[[[[-118.23207000996271,36.86504220000614],[-118.23204938595322,36.86501537168462],[-118.23207639256904,36.86502050012555],[-118.23207000996271,36.86504220000614]]],[[[-118.2304141820237,36.865043129798714],[-118.23034032597882,36.865054711297546],[-118.23034653565128,36.86502219643961],[-118.2304141820237,36.865043129798714]]],[[[-118.23166820962507,36.86517075878093],[-118.23149779075288,36.86503731419295],[-118.23095379267876,36.86511325973124],[-118.23076431297004,36.865050321074655],[-118.23185999245956,36.86495784231384],[-118.23166820962507,36.86517075878093]]]]}},{"type":"Feature","properties":{"segment_id":104,"mask_origin":"sam_amg"},"geometry":{"type":"MultiPolygon","coordinates":[[[[-118.22874893002272,36.87328116624858],[-118.22859816999335,36.873115063966395],[-118.2286701284079,36.87298451782996],[-118.22885754707613,36.87291767878033],[-118.22922238849519,36.87300044008635],[-118.22914430693088,36.873168908838934],[-118.22874893002272,36.87328116624858]]],[[[-118.22825724405425,36.87326461571924],[-118.22816948547558,36.87324929750565],[-118.2282431765604,36.873226902165335],[-118.22825724405425,36.87326461571924]]]]}},{"type":"Feature","properties":{"segment_id":105,"mask_origin":"sam_amg"},"geometry":{"type":"Polygon","coordinates":[[[-118.23433184766225,36.87258511259836],[-118.23464513959823,36.872392563274715],[-118.23436544372123,36.872162906890715],[-118.23410686666986,36.87240897146191],[-118.23433184766225,36.87258511259836]]]}},{"type":"Feature","properties":{"segment_id":106,"mask_origin":"sam_amg"},"geometry":{"type":"Polygon","coordinates":[[[-118.231452755814,36.8722958866146],[-118.231670176338,36.87200157854156],[-118.231600526511,36.87185627304023],[-118.23135210391936,36.87189670642226],[-118.23114762284361,36.87215842933871],[-118.231452755814,36.8722958866146]]]}},{"type":"Feature","properties":{"segment_id":107,"mask_origin":"sam_amg"},"geometry":{"type":"Polygon","coordinates":[[[-118.23543386158049,36.872043635556906],[-118.23542924562904,36.87175703731498],[-118.23430977187377,36.8720499083482],[-118.23430985888861,36.872055315864344],[-118.23543386158049,36.872043635556906]]]}},{"type":"Feature","properties":{"segment_id":108,"mask_origin":"sam_amg"},"geometry":{"type":"MultiPolygon","coordinates":[[[[-118.23273417374833,36.872444853049885],[-118.23268671197512,36.872423711714916],[-118.23274728731492,36.87242308333011],[-118.23273417374833,36.872444853049885]]],[[[-118.23267538413377,36.872975488097204],[-118.23254602474758,36.87288488676872],[-118.23269010115527,36.872634604956595],[-118.2330738329261,36.87263603215273],[-118.23301656060345,36.872842146397176],[-118.23267538413377,36.872975488097204]]]]}},{"type":"Feature","properties":{"segment_id":109,"mask_origin":"sam_amg"},"geometry":{"type":"Polygon","coordinates":[[[-118.23131382478269,36.8695119885851],[-118.23164773725621,36.86934627557101],[-118.23162615720489,36.869259964448446],[-118.23110722836486,36.86922207414893],[-118.2310973256998,36.86944392212871],[-118.23131382478269,36.8695119885851]]]}},{"type":"Feature","properties":{"segment_id":110,"mask_origin":"sam_amg"},"geometry":{"type":"Polygon","coordinates":[[[-118.23196866661112,36.87298281699867],[-118.23216606887777,36.87269953242628],[-118.23176075546883,36.87261179127374],[-118.23167629659834,36.87280196144058],[-118.23196866661112,36.87298281699867]]]}},{"type":"Feature","properties":{"segment_id":111,"mask_origin":"sam_amg"},"geometry":{"type":"Polygon","coordinates":[[[-118.22665248814089,36.87310271391402],[-118.22664134712838,36.87282699931612],[-118.22621272274604,36.8721229194456],[-118.22616112553982,36.87226407089423],[-118.22665248814089,36.87310271391402]]]}},{"type":"Feature","properties":{"segment_id":112,"mask_origin":"sam_amg"},"geometry":{"type":"Polygon","coordinates":[[[-118.23232476561233,36.869588044201514],[-118.23239680135397,36.869462903433195],[-118.2322617603497,36.86943726169607],[-118.23226710088186,36.86935067154221],[-118.23205698439256,36.86926090695719],[-118.23209284828928,36.86922808458277],[-118.23267599972756,36.86924367071939],[-118.23278536096315,36.86934686055682],[-118.23232476561233,36.869588044201514]],[[-118.2324767834685,36.86941339813386],[-118.23255046956568,36.86939100019937],[-118.23254347859219,36.86937484743885],[-118.2324767834685,36.86941339813386]]]}},{"type":"Feature","properties":{"segment_id":113,"mask_origin":"sam_amg"},"geometry":{"type":"Polygon","coordinates":[[[-118.22456924812107,36.87164229164186],[-118.22508560005502,36.871517984179526],[-118.22492725737035,36.87129787101021],[-118.22456501812678,36.87137732235674],[-118.22456924812107,36.87164229164186]]]}},{"type":"Feature","properties":{"segment_id":114,"mask_origin":"sam_amg"},"geometry":{"type":"Polygon","coordinates":[[[-118.22816597627258,36.87218928288435],[-118.22855435810504,36.87206087448341],[-118.22858636534956,36.87195778352879],[-118.22809356239793,36.871870934289994],[-118.22797526911893,36.87205063472984],[-118.22816597627258,36.87218928288435]]]}},{"type":"Feature","properties":{"segment_id":115,"mask_origin":"sam_amg"},"geometry":{"type":"Polygon","coordinates":[[[-118.22785104727264,36.87101890932346],[-118.22805045119786,36.870860004503704],[-118.22792731186567,36.87073688321328],[-118.22741010486527,36.870807127546456],[-118.22785104727264,36.87101890932346]]]}},{"type":"Feature","properties":{"segment_id":116,"mask_origin":"sam_amg"},"geometry":{"type":"MultiPolygon","coordinates":[[[[-118.22790281236634,36.87257059209862],[-118.22780003538001,36.87245807716957],[-118.22775515092829,36.87217730289547],[-118.22820904392579,36.87235649888206],[-118.22820517065442,36.87253501687794],[-118.22790281236634,36.87257059209862]],[[-118.22808849918401,36.87239560369234],[-118.2281215461388,36.87235740319664],[-118.22808780656553,36.87235234346426],[-118.22808849918401,36.87239560369234]]],[[[-118.22821328665648,36.87262146776168],[-118.22818567148863,36.87257848579699],[-118.22821932458024,36.87257813797139],[-118.22821328665648,36.87262146776168]]]]}},{"type":"Feature","properties":{"segment_id":117,"mask_origin":"sam_amg"},"geometry":{"type":"Polygon","coordinates":[[[-118.2246001834659,36.86472459229557],[-118.22493754367532,36.86477519981116],[-118.22520932646775,36.86451279342791],[-118.2246708466105,36.864512935281084],[-118.2246001834659,36.86472459229557]]]}},{"type":"Feature","properties":{"segment_id":118,"mask_origin":"sam_amg"},"geometry":{"type":"Polygon","coordinates":[[[-118.22553431451153,36.86758143085682],[-118.225545356164,36.867429880977255],[-118.22572871235342,36.86753075008326],[-118.22600214375463,36.86737108508923],[-118.2257576977941,36.86723839595381],[-118.22540143134965,36.86726911227143],[-118.2253295587669,36.86740506409355],[-118.22553431451153,36.86758143085682]]]}},{"type":"Feature","properties":{"segment_id":119,"mask_origin":"sam_amg"},"geometry":{"type":"Polygon","coordinates":[[[-118.23428276263463,36.87204478046947],[-118.23461824597415,36.871976394376844],[-118.23375134303176,36.871650075888155],[-118.23370588182223,36.87175330786015],[-118.23403854869633,36.871928331563204],[-118.23392929417338,36.87183211452019],[-118.23407762700512,36.87184679943732],[-118.23428276263463,36.87204478046947]]]}},{"type":"Feature","properties":{"segment_id":120,"mask_origin":"sam_amg"},"geometry":{"type":"Polygon","coordinates":[[[-118.23542115997206,36.872508891653396],[-118.23531697883848,36.8723098632084],[-118.23483002684286,36.8721688969845],[-118.23480168407731,36.87249910508717],[-118.23499669718358,36.87248626167556],[-118.2349085900634,36.8724493183881],[-118.2349550077008,36.872405568650045],[-118.23542115997206,36.872508891653396]]]}},{"type":"Feature","properties":{"segment_id":121,"mask_origin":"sam_amg"},"geometry":{"type":"Polygon","coordinates":[[[-118.23270963681213,36.872174686554295],[-118.23321555980621,36.872239746741116],[-118.2331650553275,36.87202934245336],[-118.23333271063944,36.871989743575256],[-118.23287381614672,36.87191878754575],[-118.23270963681213,36.872174686554295]]]}},{"type":"Feature","properties":{"segment_id":122,"mask_origin":"sam_amg"},"geometry":{"type":"Polygon","coordinates":[[[-118.22878232352828,36.873264595679004],[-118.2291375762631,36.87316897845816],[-118.22921548452494,36.87298969465841],[-118.22867685906067,36.87298444823752],[-118.22863182331515,36.87311471601967],[-118.22878232352828,36.873264595679004]]]}},{"type":"Feature","properties":{"segment_id":123,"mask_origin":"sam_amg"},"geometry":{"type":"Polygon","coordinates":[[[-118.22572137148461,36.871284274267666],[-118.22584415268243,36.87096391065327],[-118.22530354774686,36.870412418178525],[-118.22545809628814,36.87081645650067],[-118.22568313951274,36.870998022046905],[-118.22562472512469,36.87113383517813],[-118.22572137148461,36.871284274267666]]]}},{"type":"Feature","properties":{"segment_id":124,"mask_origin":"sam_amg"},"geometry":{"type":"Polygon","coordinates":[[[-118.22701114304485,36.864802484324],[-118.22703520899029,36.86462375763856],[-118.22692597373364,36.86452753368618],[-118.22705332324321,36.86449376827253],[-118.2263803319199,36.86450071507408],[-118.22701114304485,36.864802484324]]]}},{"type":"Feature","properties":{"segment_id":125,"mask_origin":"sam_amg"},"geometry":{"type":"Polygon","coordinates":[[[-118.23201591214105,36.873409592380554],[-118.2320057940558,36.87319876889458],[-118.2317582357616,36.8732932783939],[-118.23146690683997,36.87317731259126],[-118.23128769630105,36.87333601384312],[-118.2313159211279,36.87341684769142],[-118.23201591214105,36.873409592380554]]]}},{"type":"Feature","properties":{"segment_id":126,"mask_origin":"sam_amg"},"geometry":{"type":"MultiPolygon","coordinates":[[[[-118.22759614637224,36.872757646904134],[-118.22754937808477,36.872779763729255],[-118.22753557065097,36.872758272668335],[-118.22759614637224,36.872757646904134]]],[[[-118.22766200156877,36.87308688037072],[-118.22755292626904,36.873001472423496],[-118.22770660619602,36.87292957528169],[-118.22761021345742,36.872795360545005],[-118.22790402427667,36.872646297500005],[-118.22803398393569,36.87277475669257],[-118.22794986185829,36.8729865544919],[-118.22766200156877,36.87308688037072]]],[[[-118.22751754220427,36.87289366948097],[-118.22746326434739,36.87286718803691],[-118.22748285053082,36.872829126758894],[-118.22751754220427,36.87289366948097]]]]}},{"type":"Feature","properties":{"segment_id":127,"mask_origin":"sam_amg"},"geometry":{"type":"Polygon","coordinates":[[[-118.23490400320937,36.87174627150837],[-118.23507148280355,36.87169585517296],[-118.23506930612588,36.87156066729837],[-118.23482886342774,36.871260294519864],[-118.23464983843036,36.871429815712894],[-118.23490400320937,36.87174627150837]]]}},{"type":"Feature","properties":{"segment_id":128,"mask_origin":"sam_amg"},"geometry":{"type":"Polygon","coordinates":[[[-118.22703567029933,36.872228001648956],[-118.22728866407309,36.87205231946061],[-118.22680767973534,36.871862582756194],[-118.226844965039,36.872089351645215],[-118.22703567029933,36.872228001648956]]]}},{"type":"Feature","properties":{"segment_id":129,"mask_origin":"sam_amg"},"geometry":{"type":"Polygon","coordinates":[[[-118.2251082730456,36.86998716577327],[-118.22525875370665,36.86971519297349],[-118.2249695202769,36.86972899163017],[-118.22461548059808,36.86905658710411],[-118.22452807277259,36.86906289624311],[-118.22495166054547,36.869875203265586],[-118.2251082730456,36.86998716577327]],[[-118.22514615093158,36.86982993088718],[-118.22505287545027,36.869890385183155],[-118.2250654726671,36.86983617104827],[-118.22514615093158,36.86982993088718]]]}},{"type":"Feature","properties":{"segment_id":130,"mask_origin":"sam_amg"},"geometry":{"type":"MultiPolygon","coordinates":[[[[-118.22545523772317,36.8651592696883],[-118.22541451241108,36.865138055905234],[-118.22544117319771,36.86512155569953],[-118.22545523772317,36.8651592696883]]],[[[-118.22582392643037,36.86548538157173],[-118.22566542183276,36.86525445389749],[-118.22586447015559,36.86507392262865],[-118.22604652487006,36.86509367828865],[-118.22607293649396,36.86548281280635],[-118.22582392643037,36.86548538157173]]],[[[-118.22612807276764,36.86556337041001],[-118.22606051344528,36.86554784213837],[-118.22606655214551,36.86550451239483],[-118.22612807276764,36.86556337041001]]]]}},{"type":"Feature","properties":{"segment_id":131,"mask_origin":"sam_amg"},"geometry":{"type":"Polygon","coordinates":[[[-118.2266487982341,36.87118816980981],[-118.22685915800675,36.87087230954889],[-118.22642133145443,36.87085519522096],[-118.22638457963714,36.87108272837944],[-118.2266487982341,36.87118816980981]],[[-118.22661289752641,36.87104792133083],[-118.22657311986232,36.87108619088926],[-118.22654593850235,36.871070246169566],[-118.22661289752641,36.87104792133083]]]}},{"type":"Feature","properties":{"segment_id":132,"mask_origin":"sam_amg"},"geometry":{"type":"Polygon","coordinates":[[[-118.2299548478215,36.86998036949752],[-118.23016649137203,36.86974561653394],[-118.22993549147554,36.86961279697412],[-118.22968329194761,36.86983715235694],[-118.2299548478215,36.86998036949752]]]}},{"type":"Feature","properties":{"segment_id":133,"mask_origin":"sam_amg"},"geometry":{"type":"Polygon","coordinates":[[[-118.2286697006775,36.86581295002403],[-118.22878151291548,36.8656495411023],[-118.22868538762691,36.865531549543206],[-118.22836942395226,36.86555644957266],[-118.2282568318413,36.865671190314515],[-118.2286697006775,36.86581295002403]]]}},{"type":"Feature","properties":{"segment_id":134,"mask_origin":"sam_amg"},"geometry":{"type":"Polygon","coordinates":[[[-118.22901285346201,36.87000634077498],[-118.22929059055383,36.86969518783321],[-118.22884508723621,36.869618669120555],[-118.22880057330696,36.869781382173635],[-118.22901285346201,36.87000634077498]]]}},{"type":"Feature","properties":{"segment_id":135,"mask_origin":"sam_amg"},"geometry":{"type":"MultiPolygon","coordinates":[[[[-118.22808217684695,36.8703188341603],[-118.22802816034971,36.870308575524504],[-118.22802790065008,36.87029235293294],[-118.22808217684695,36.8703188341603]]],[[[-118.22817105753872,36.870404450400144],[-118.22811730068962,36.870410414397],[-118.22811695439704,36.870388784275974],[-118.22817105753872,36.870404450400144]]],[[[-118.22822593993027,36.87046878426915],[-118.22817209646394,36.87046934076144],[-118.22817856716426,36.87045304861101],[-118.22822593993027,36.87046878426915]]],[[[-118.22832657354363,36.870867967538494],[-118.2282403531998,36.8705281279713],[-118.22865478216302,36.87034536581165],[-118.22860552899945,36.87063252154332],[-118.22832657354363,36.870867967538494]]]]}},{"type":"Feature","properties":{"segment_id":136,"mask_origin":"sam_amg"},"geometry":{"type":"Polygon","coordinates":[[[-118.23378658173064,36.872585366723406],[-118.23404742234025,36.872479898251704],[-118.23400495090083,36.87235053722616],[-118.23354735812072,36.87236069661064],[-118.23359008969565,36.87250628036535],[-118.23378658173064,36.872585366723406]]]}},{"type":"Feature","properties":{"segment_id":137,"mask_origin":"sam_amg"},"geometry":{"type":"Polygon","coordinates":[[[-118.2262415322212,36.865502707012936],[-118.22632651574229,36.86534498561135],[-118.2262489424257,36.86512404041982],[-118.2259523917305,36.86510005782506],[-118.2262415322212,36.865502707012936]]]}},{"type":"Feature","properties":{"segment_id":138,"mask_origin":"sam_amg"},"geometry":{"type":"MultiPolygon","coordinates":[[[[-118.23429654135077,36.87248271935586],[-118.23414524910314,36.87228417918682],[-118.23439236598615,36.872162627233806],[-118.2344886825806,36.87229142876164],[-118.23429654135077,36.87248271935586]]],[[[-118.2344584237191,36.87250267146598],[-118.23453623177862,36.87231797688503],[-118.23460379868118,36.872333500178],[-118.23461261815461,36.87246321061579],[-118.2344584237191,36.87250267146598]]]]}},{"type":"Feature","properties":{"segment_id":139,"mask_origin":"sam_amg"},"geometry":{"type":"Polygon","coordinates":[[[-118.22771541411629,36.87305928643274],[-118.22793010273445,36.8730138007859],[-118.22802820561812,36.8728343090589],[-118.22791084146738,36.8726516354801],[-118.22765180896148,36.87287064875226],[-118.22771541411629,36.87305928643274]]]}},{"type":"Feature","properties":{"segment_id":140,"mask_origin":"sam_amg"},"geometry":{"type":"Polygon","coordinates":[[[-118.2284761648473,36.87180207853691],[-118.22872406910095,36.871729205978255],[-118.22873571114891,36.871615508706405],[-118.22824195781645,36.871469177225734],[-118.22831289982685,36.871695597759675],[-118.2284761648473,36.87180207853691]]]}},{"type":"Feature","properties":{"segment_id":141,"mask_origin":"sam_amg"},"geometry":{"type":"Polygon","coordinates":[[[-118.23020921087053,36.87198966999131],[-118.23030756732098,36.871826399048416],[-118.23046410475996,36.87193294671855],[-118.23046771255174,36.87173820615625],[-118.22996930577848,36.87172173222364],[-118.23020921087053,36.87198966999131]]]}},{"type":"Feature","properties":{"segment_id":142,"mask_origin":"sam_amg"},"geometry":{"type":"Polygon","coordinates":[[[-118.23193358768033,36.8649300372938],[-118.23209302212193,36.86479858219273],[-118.2320439154999,36.86467469746279],[-118.2318609923129,36.864600875721365],[-118.23167403053915,36.86469475681716],[-118.23170303360392,36.8648242584927],[-118.23193358768033,36.8649300372938]]]}},{"type":"Feature","properties":{"segment_id":143,"mask_origin":"sam_amg"},"geometry":{"type":"Polygon","coordinates":[[[-118.23056475210728,36.87233212774529],[-118.23087435925757,36.87232892121102],[-118.2310657277297,36.87208896829111],[-118.23056974765827,36.87222390757548],[-118.23056475210728,36.87233212774529]]]}},{"type":"Feature","properties":{"segment_id":144,"mask_origin":"sam_amg"},"geometry":{"type":"Polygon","coordinates":[[[-118.23063612192345,36.87342388976955],[-118.2307608812831,36.873227894519445],[-118.23037705963839,36.87322105238421],[-118.23023745021138,36.87333066624206],[-118.23023901138784,36.873428001660145],[-118.23063612192345,36.87342388976955]]]}},{"type":"Feature","properties":{"segment_id":145,"mask_origin":"sam_amg"},"geometry":{"type":"MultiPolygon","coordinates":[[[[-118.23505688989461,36.87162569738285],[-118.23471337235156,36.87161304187961],[-118.23481337256862,36.8715525101815],[-118.23464310792909,36.87142988564109],[-118.23474835872486,36.87127735629934],[-118.2350346958598,36.87150153438878],[-118.23505688989461,36.87162569738285]]],[[[-118.23471984174172,36.871596749399984],[-118.23469265855759,36.87158080658005],[-118.23473951102683,36.8715640945062],[-118.23471984174172,36.871596749399984]]]]}},{"type":"Feature","properties":{"segment_id":146,"mask_origin":"sam_amg"},"geometry":{"type":"Polygon","coordinates":[[[-118.22773166234727,36.8681861276523],[-118.22789732167952,36.86802216326455],[-118.22759238509687,36.86789551139725],[-118.22739893931954,36.8680056780843],[-118.22773166234727,36.8681861276523]]]}},{"type":"Feature","properties":{"segment_id":147,"mask_origin":"sam_amg"},"geometry":{"type":"Polygon","coordinates":[[[-118.22834012106985,36.870873235928315],[-118.22860552899945,36.87063252154332],[-118.22864149454027,36.87035632004364],[-118.22826788104257,36.87056570242106],[-118.22834012106985,36.870873235928315]]]}},{"type":"Feature","properties":{"segment_id":148,"mask_origin":"sam_amg"},"geometry":{"type":"Polygon","coordinates":[[[-118.2349142759498,36.87238435826824],[-118.23540691494205,36.87246036397862],[-118.23530360477064,36.8723154106567],[-118.23491131597447,36.87220050276846],[-118.2349142759498,36.87238435826824]]]}},{"type":"Feature","properties":{"segment_id":149,"mask_origin":"sam_amg"},"geometry":{"type":"Polygon","coordinates":[[[-118.22721623811394,36.873415990151386],[-118.22778109700127,36.87337770474623],[-118.22771809727622,36.87322691981816],[-118.22721623811394,36.873415990151386]]]}},{"type":"Feature","properties":{"segment_id":150,"mask_origin":"sam_amg"},"geometry":{"type":"Polygon","coordinates":[[[-118.2336309271759,36.87337120355999],[-118.23381764635911,36.87326109662369],[-118.23376223540694,36.87316432039355],[-118.23334476081033,36.873157837244115],[-118.23332691647,36.873304049775335],[-118.2336309271759,36.87337120355999]]]}},{"type":"Feature","properties":{"segment_id":151,"mask_origin":"sam_amg"},"geometry":{"type":"Polygon","coordinates":[[[-118.23369739773412,36.87289998099797],[-118.2338235400876,36.87279050294123],[-118.23364541296392,36.8725976491821],[-118.23338518004257,36.87274096940884],[-118.23344137280817,36.87288641349068],[-118.23369739773412,36.87289998099797]]]}},{"type":"Feature","properties":{"segment_id":152,"mask_origin":"sam_amg"},"geometry":{"type":"Polygon","coordinates":[[[-118.22775614853623,36.87139847953891],[-118.22807869383381,36.87136269610177],[-118.22807687579619,36.87124913798217],[-118.22778486762012,36.871089902625826],[-118.22775614853623,36.87139847953891]]]}},{"type":"Feature","properties":{"segment_id":153,"mask_origin":"sam_amg"},"geometry":{"type":"MultiPolygon","coordinates":[[[[-118.22590050962407,36.867750723568726],[-118.22580499078593,36.867670582448774],[-118.22600413129594,36.86749545844579],[-118.22632183263717,36.86757871528288],[-118.22590050962407,36.867750723568726]]],[[[-118.22580059343142,36.86781665537905],[-118.22574631978767,36.86779017305145],[-118.22588756766909,36.867783307645006],[-118.22580059343142,36.86781665537905]]]]}},{"type":"Feature","properties":{"segment_id":154,"mask_origin":"sam_amg"},"geometry":{"type":"Polygon","coordinates":[[[-118.23051823018442,36.873208773779176],[-118.23068346017817,36.873017767938435],[-118.2306413410902,36.87291003571384],[-118.23026046993421,36.87308704896271],[-118.23051823018442,36.873208773779176]]]}},{"type":"Feature","properties":{"segment_id":155,"mask_origin":"sam_amg"},"geometry":{"type":"Polygon","coordinates":[[[-118.23043027659673,36.86982401193629],[-118.2298326289539,36.86949487620279],[-118.2298052389458,36.86936535746341],[-118.23004669934751,36.869411534220546],[-118.23018434111722,36.869599404295585],[-118.2302300660692,36.86951239615066],[-118.23051026038827,36.86977450793324],[-118.23043027659673,36.86982401193629]]]}},{"type":"Feature","properties":{"segment_id":156,"mask_origin":"sam_amg"},"geometry":{"type":"MultiPolygon","coordinates":[[[[-118.22710218069567,36.871756781958666],[-118.22710045058285,36.87164863133621],[-118.227120382681,36.87163220023741],[-118.2271344493116,36.871669913949724],[-118.22710218069567,36.871756781958666]]],[[[-118.227008747937,36.872228279639835],[-118.22691952036944,36.87212103244687],[-118.2271166798772,36.87182153332709],[-118.22729669245645,36.87213336290348],[-118.227008747937,36.872228279639835]]]]}},{"type":"Feature","properties":{"segment_id":157,"mask_origin":"sam_amg"},"geometry":{"type":"MultiPolygon","coordinates":[[[[-118.22738329403307,36.87333854686063],[-118.22726515189896,36.87310720488048],[-118.22765604984671,36.87313561766429],[-118.22765113670737,36.87324924530086],[-118.22738329403307,36.87333854686063]]],[[[-118.22749858109867,36.873391440254444],[-118.22742385122227,36.873348944792006],[-118.22748416779915,36.873332096489634],[-118.22749858109867,36.873391440254444]]]]}},{"type":"Feature","properties":{"segment_id":158,"mask_origin":"sam_amg"},"geometry":{"type":"Polygon","coordinates":[[[-118.2321172173002,36.872591870543964],[-118.23227141320547,36.87255241270709],[-118.23216419985167,36.872164118139985],[-118.2320368401102,36.87219788918256],[-118.23200666136069,36.87241453891055],[-118.2321172173002,36.872591870543964]]]}},{"type":"Feature","properties":{"segment_id":159,"mask_origin":"sam_amg"},"geometry":{"type":"Polygon","coordinates":[[[-118.22583738643459,36.865485242732895],[-118.22603169237897,36.86542915400847],[-118.22591839628397,36.865078774790604],[-118.22571201338349,36.86522152278127],[-118.22583738643459,36.865485242732895]]]}},{"type":"Feature","properties":{"segment_id":160,"mask_origin":"sam_amg"},"geometry":{"type":"Polygon","coordinates":[[[-118.23170177261443,36.86516500250118],[-118.23186120793898,36.86503354769985],[-118.23182616912133,36.86494737605356],[-118.23125481837242,36.864996564340956],[-118.23170177261443,36.86516500250118]]]}},{"type":"Feature","properties":{"segment_id":161,"mask_origin":"sam_amg"},"geometry":{"type":"MultiPolygon","coordinates":[[[[-118.22455991168775,36.86894899116806],[-118.22452496541177,36.868868224845116],[-118.22454515631806,36.86886801679066],[-118.22455991168775,36.86894899116806]]],[[[-118.2250610738969,36.869982243927275],[-118.22495183324229,36.869886018339855],[-118.22452807277259,36.86906289624311],[-118.22462920020422,36.86907267100627],[-118.2250610738969,36.869982243927275]]]]}},{"type":"Feature","properties":{"segment_id":162,"mask_origin":"sam_amg"},"geometry":{"type":"Polygon","coordinates":[[[-118.2267167085745,36.87122532776823],[-118.22715306664516,36.87115051293141],[-118.2271381350447,36.871058723900376],[-118.22674051736129,36.871030378684424],[-118.2267167085745,36.87122532776823]]]}},{"type":"Feature","properties":{"segment_id":163,"mask_origin":"sam_amg"},"geometry":{"type":"Polygon","coordinates":[[[-118.23239142943021,36.871642553360445],[-118.2326043732297,36.87148890897674],[-118.23236233542401,36.871507644547016],[-118.23248786930064,36.87136031524637],[-118.2322050145252,36.871352431713575],[-118.23219442002613,36.871531019486014],[-118.23239142943021,36.871642553360445]]]}},{"type":"Feature","properties":{"segment_id":164,"mask_origin":"sam_amg"},"geometry":{"type":"Polygon","coordinates":[[[-118.2258304334798,36.86715651926453],[-118.2262633237601,36.86728726389312],[-118.22619230578644,36.86705543424723],[-118.2258304334798,36.86715651926453]]]}},{"type":"Feature","properties":{"segment_id":165,"mask_origin":"sam_amg"},"geometry":{"type":"Polygon","coordinates":[[[-118.22994794403378,36.869969624103675],[-118.23003405172865,36.86988219806582],[-118.22998994122405,36.86965009238404],[-118.22987535176361,36.86964046152203],[-118.22968303190243,36.86982092977416],[-118.22994794403378,36.869969624103675]]]}},{"type":"Feature","properties":{"segment_id":166,"mask_origin":"sam_amg"},"geometry":{"type":"Polygon","coordinates":[[[-118.22814117742692,36.87316305531767],[-118.22841479659688,36.873014199697],[-118.22846673651496,36.872894677463414],[-118.2282595585451,36.8729887622487],[-118.22803614831165,36.87290994489731],[-118.22795754478402,36.87304596775034],[-118.22814117742692,36.87316305531767]]]}},{"type":"Feature","properties":{"segment_id":167,"mask_origin":"sam_amg"},"geometry":{"type":"Polygon","coordinates":[[[-118.23114003137437,36.86749103831302],[-118.23141562091895,36.86746654923335],[-118.23154761998437,36.867302928599344],[-118.23141171510503,36.86722321054808],[-118.23117151271916,36.86735550152289],[-118.23114003137437,36.86749103831302]]]}},{"type":"Feature","properties":{"segment_id":168,"mask_origin":"sam_amg"},"geometry":{"type":"Polygon","coordinates":[[[-118.23174036001691,36.86798780104428],[-118.23187322754261,36.867878255309215],[-118.23184161807526,36.86758652801191],[-118.23164670353914,36.867604773560366],[-118.23168916816815,36.8677341356522],[-118.23158200606615,36.86776769683352],[-118.23174036001691,36.86798780104428]]]}},{"type":"Feature","properties":{"segment_id":169,"mask_origin":"sam_amg"},"geometry":{"type":"Polygon","coordinates":[[[-118.22531350744367,36.867242976719],[-118.22570307900753,36.86719028344404],[-118.22524180149068,36.866967886136635],[-118.22531350744367,36.867242976719]]]}},{"type":"Feature","properties":{"segment_id":170,"mask_origin":"sam_amg"},"geometry":{"type":"Polygon","coordinates":[[[-118.22970491480152,36.87286564560922],[-118.22995420858723,36.872879290846484],[-118.23007137106096,36.87262929070813],[-118.22968264229543,36.87273607396237],[-118.22970491480152,36.87286564560922]]]}},{"type":"Feature","properties":{"segment_id":171,"mask_origin":"sam_amg"},"geometry":{"type":"Polygon","coordinates":[[[-118.23268409658661,36.87142318095748],[-118.23274284618849,36.87130899466925],[-118.23255369719656,36.8712676893221],[-118.23271349101135,36.87115786338292],[-118.23242933378492,36.87106886756102],[-118.2324534348614,36.87131199658556],[-118.23268409658661,36.87142318095748]]]}},{"type":"Feature","properties":{"segment_id":172,"mask_origin":"sam_amg"},"geometry":{"type":"MultiPolygon","coordinates":[[[[-118.23149717417604,36.87296607051489],[-118.23095199193487,36.8729717192034],[-118.23158940619568,36.872840720963985],[-118.23149717417604,36.87296607051489]]],[[[-118.23087139773331,36.872983370878124],[-118.23077690836519,36.87296812431012],[-118.23089805998978,36.87296686944064],[-118.23087139773331,36.872983370878124]]],[[[-118.23071220483305,36.873131047083476],[-118.23071676637254,36.87299578931164],[-118.230892370667,36.8730318294258],[-118.2308596719329,36.87309166075674],[-118.23071220483305,36.873131047083476]]]]}},{"type":"Feature","properties":{"segment_id":173,"mask_origin":"sam_amg"},"geometry":{"type":"Polygon","coordinates":[[[-118.23214973852174,36.87168291858999],[-118.23225499467233,36.871530391365084],[-118.23190292355966,36.871404239564306],[-118.2319743104943,36.871657695322526],[-118.23214973852174,36.87168291858999]]]}},{"type":"Feature","properties":{"segment_id":174,"mask_origin":"sam_amg"},"geometry":{"type":"MultiPolygon","coordinates":[[[[-118.23581750306953,36.872039646432576],[-118.235780975406,36.8718615484685],[-118.2360766832846,36.87183143083783],[-118.2360251916714,36.871977993749525],[-118.23581750306953,36.872039646432576]]],[[[-118.23588611547588,36.872120059152195],[-118.23568419870573,36.87212215896611],[-118.2356894483575,36.87203016125156],[-118.23588611547588,36.872120059152195]]]]}},{"type":"Feature","properties":{"segment_id":175,"mask_origin":"sam_amg"},"geometry":{"type":"Polygon","coordinates":[[[-118.23139039813759,36.87260481282184],[-118.23153078596991,36.87254386534348],[-118.23154863360689,36.87239765300363],[-118.2312581764336,36.87233576182248],[-118.23119260646169,36.87244460962501],[-118.23139039813759,36.87260481282184]]]}},{"type":"Feature","properties":{"segment_id":176,"mask_origin":"sam_amg"},"geometry":{"type":"Polygon","coordinates":[[[-118.23201591214105,36.873409592380554],[-118.23201261157547,36.87320410663268],[-118.23153699180462,36.873349655724894],[-118.23153803368808,36.87341454597189],[-118.23201591214105,36.873409592380554]]]}},{"type":"Feature","properties":{"segment_id":177,"mask_origin":"sam_amg"},"geometry":{"type":"Polygon","coordinates":[[[-118.23339112809218,36.87269223189304],[-118.23357793297036,36.87258753286267],[-118.23350653981022,36.87233407822094],[-118.23327340377378,36.87248793376829],[-118.23339112809218,36.87269223189304]]]}},{"type":"Feature","properties":{"segment_id":178,"mask_origin":"sam_amg"},"geometry":{"type":"Polygon","coordinates":[[[-118.22826750239427,36.86675817416113],[-118.22842125586648,36.866691683797214],[-118.2284939881609,36.866609805532065],[-118.22826360666424,36.86651483515896],[-118.22806395455623,36.86665751763243],[-118.22826750239427,36.86675817416113]]]}},{"type":"Feature","properties":{"segment_id":179,"mask_origin":"sam_amg"},"geometry":{"type":"Polygon","coordinates":[[[-118.22704913148037,36.87222786265123],[-118.22729660593569,36.87212795537314],[-118.22721333003399,36.87197197111615],[-118.22705110438102,36.87193037895358],[-118.22691960686358,36.87212643997799],[-118.22704913148037,36.87222786265123]]]}},{"type":"Feature","properties":{"segment_id":180,"mask_origin":"sam_amg"},"geometry":{"type":"Polygon","coordinates":[[[-118.23360118327011,36.86733571355033],[-118.23368037980705,36.86723753978222],[-118.23360243558113,36.866994969799165],[-118.23342037472626,36.86697522584166],[-118.23360118327011,36.86733571355033]]]}},{"type":"Feature","properties":{"segment_id":181,"mask_origin":"sam_amg"},"geometry":{"type":"Polygon","coordinates":[[[-118.22738967859583,36.87331684722426],[-118.22762404089816,36.87323870838039],[-118.22764949227569,36.87314650225657],[-118.22731847808305,36.8730742035887],[-118.2272666227695,36.87319913288143],[-118.22738967859583,36.87331684722426]]]}},{"type":"Feature","properties":{"segment_id":182,"mask_origin":"sam_amg"},"geometry":{"type":"Polygon","coordinates":[[[-118.2264435113743,36.8709793600978],[-118.22685924449272,36.87087771708126],[-118.2265752676379,36.87079952217611],[-118.22640157230781,36.87088244127022],[-118.2264435113743,36.8709793600978]]]}},{"type":"Feature","properties":{"segment_id":183,"mask_origin":"sam_amg"},"geometry":{"type":"Polygon","coordinates":[[[-118.22465040507376,36.86576249361083],[-118.22474798899586,36.86555055915778],[-118.22452374102063,36.86541765922158],[-118.22447335306137,36.86563451565512],[-118.22465040507376,36.86576249361083]]]}},{"type":"Feature","properties":{"segment_id":184,"mask_origin":"sam_amg"},"geometry":{"type":"Polygon","coordinates":[[[-118.22667615260549,36.87121492956936],[-118.22671290360736,36.870987396340404],[-118.2263379848942,36.87111565978783],[-118.226426864625,36.87120127734004],[-118.22667615260549,36.87121492956936]]]}},{"type":"Feature","properties":{"segment_id":185,"mask_origin":"sam_amg"},"geometry":{"type":"Polygon","coordinates":[[[-118.22991836400935,36.8656053303119],[-118.23015570209748,36.86529459338105],[-118.23013490527916,36.86525694965559],[-118.22983431018223,36.86540067991074],[-118.22991836400935,36.8656053303119]]]}},{"type":"Feature","properties":{"segment_id":186,"mask_origin":"sam_amg"},"geometry":{"type":"Polygon","coordinates":[[[-118.23020921087053,36.87198966999131],[-118.23024560475555,36.87174050578646],[-118.22996921907063,36.871716324698355],[-118.22997103994012,36.87182988272831],[-118.23020921087053,36.87198966999131]]]}},{"type":"Feature","properties":{"segment_id":187,"mask_origin":"sam_amg"},"geometry":{"type":"Polygon","coordinates":[[[-118.22798864369484,36.872045088097245],[-118.22823836754137,36.87208577463463],[-118.22832309404558,36.8719118293318],[-118.22802039198467,36.87192577469372],[-118.22798864369484,36.872045088097245]]]}},{"type":"Feature","properties":{"segment_id":188,"mask_origin":"sam_amg"},"geometry":{"type":"Polygon","coordinates":[[[-118.22813609183926,36.87326586790537],[-118.22845907778964,36.873257120941076],[-118.22859135271382,36.87310972602777],[-118.22830184754714,36.873107310431976],[-118.22813609183926,36.87326586790537]]]}},{"type":"Feature","properties":{"segment_id":189,"mask_origin":"sam_amg"},"geometry":{"type":"Polygon","coordinates":[[[-118.22647837893372,36.865581389354574],[-118.22656965979826,36.86539656064231],[-118.22634653284294,36.86533396219088],[-118.22627509580605,36.86549695225614],[-118.22647837893372,36.865581389354574]]]}},{"type":"Feature","properties":{"segment_id":190,"mask_origin":"sam_amg"},"geometry":{"type":"Polygon","coordinates":[[[-118.2317086761932,36.865175747805075],[-118.23186698286109,36.864973995136445],[-118.23155015477228,36.86494482828455],[-118.23156639222843,36.86511772969951],[-118.2317086761932,36.865175747805075]]]}},{"type":"Feature","properties":{"segment_id":191,"mask_origin":"sam_amg"},"geometry":{"type":"Polygon","coordinates":[[[-118.23255361030797,36.87126228180166],[-118.23272030839362,36.87116320108465],[-118.23253003025165,36.871051597925245],[-118.23220214801688,36.87117398351531],[-118.23255361030797,36.87126228180166]]]}},{"type":"Feature","properties":{"segment_id":192,"mask_origin":"sam_amg"},"geometry":{"type":"Polygon","coordinates":[[[-118.22641219041475,36.86523052445886],[-118.22645541048242,36.86498669905607],[-118.22617974149242,36.865005768967166],[-118.22628406153954,36.86521562136095],[-118.22641219041475,36.86523052445886]]]}},{"type":"Feature","properties":{"segment_id":193,"mask_origin":"sam_amg"},"geometry":{"type":"Polygon","coordinates":[[[-118.22812771608729,36.87316319444208],[-118.22825274130008,36.872983424289906],[-118.22806919550727,36.87287174441485],[-118.22795090069378,36.873051444830324],[-118.22812771608729,36.87316319444208]]]}},{"type":"Feature","properties":{"segment_id":194,"mask_origin":"sam_amg"},"geometry":{"type":"Polygon","coordinates":[[[-118.2269331545225,36.8721317085248],[-118.2270371242414,36.871898072764196],[-118.22677394045672,36.87185752264471],[-118.2268451380166,36.872100166707796],[-118.2269331545225,36.8721317085248]]]}},{"type":"Feature","properties":{"segment_id":195,"mask_origin":"sam_amg"},"geometry":{"type":"Polygon","coordinates":[[[-118.23644431593708,36.87208721032142],[-118.23646783864741,36.87187603723369],[-118.23620482484772,36.87184632311956],[-118.23617317652833,36.8719710459874],[-118.23644431593708,36.87208721032142]]]}},{"type":"Feature","properties":{"segment_id":196,"mask_origin":"sam_amg"},"geometry":{"type":"Polygon","coordinates":[[[-118.22733705212197,36.86750333348625],[-118.22714954218188,36.867142905216525],[-118.22706179084004,36.86712758603617],[-118.22707275896994,36.86739248577077],[-118.22733705212197,36.86750333348625]]]}},{"type":"Feature","properties":{"segment_id":197,"mask_origin":"sam_amg"},"geometry":{"type":"Polygon","coordinates":[[[-118.22493043321522,36.86981052094736],[-118.22487908973055,36.869546037229924],[-118.22458251956449,36.86910019419],[-118.22461884717877,36.86926748110446],[-118.22493043321522,36.86981052094736]]]}},{"type":"Feature","properties":{"segment_id":198,"mask_origin":"sam_amg"},"geometry":{"type":"Polygon","coordinates":[[[-118.22715990081396,36.87157770790569],[-118.22734550049874,36.87139731311399],[-118.2270815397684,36.871308095862055],[-118.22703072317657,36.87149791545066],[-118.22715990081396,36.87157770790569]]]}},{"type":"Feature","properties":{"segment_id":199,"mask_origin":"sam_amg"},"geometry":{"type":"Polygon","coordinates":[[[-118.2303696517036,36.872339556365546],[-118.2304544603379,36.87217101715818],[-118.23008245751345,36.87206129162317],[-118.23008445200817,36.872185664690974],[-118.2303696517036,36.872339556365546]]]}},{"type":"Feature","properties":{"segment_id":200,"mask_origin":"sam_amg"},"geometry":{"type":"Polygon","coordinates":[[[-118.228839398119,36.865481281277006],[-118.2291481115239,36.86542400441741],[-118.22929978218707,36.865227732182746],[-118.228839398119,36.865481281277006]]]}},{"type":"Feature","properties":{"segment_id":201,"mask_origin":"sam_amg"},"geometry":{"type":"Polygon","coordinates":[[[-118.22659706509133,36.86711074991615],[-118.22677730897631,36.867016946098545],[-118.2264928279183,36.866906305462685],[-118.22631905475582,36.86698381679174],[-118.22659706509133,36.86711074991615]]]}},{"type":"Feature","properties":{"segment_id":202,"mask_origin":"sam_amg"},"geometry":{"type":"Polygon","coordinates":[[[-118.22703468237182,36.873428681858435],[-118.22709050058396,36.87313064220619],[-118.22699540618132,36.873077539910746],[-118.22685665699402,36.87324122518435],[-118.22703468237182,36.873428681858435]]]}},{"type":"Feature","properties":{"segment_id":203,"mask_origin":"sam_amg"},"geometry":{"type":"Polygon","coordinates":[[[-118.23187135471684,36.872372674273755],[-118.23186770729053,36.872145558394664],[-118.23158597833962,36.872207971219545],[-118.23162093361394,36.872288735255815],[-118.23187135471684,36.872372674273755]]]}},{"type":"Feature","properties":{"segment_id":204,"mask_origin":"sam_amg"},"geometry":{"type":"Polygon","coordinates":[[[-118.22845579999576,36.87179147221673],[-118.2285193814388,36.871558252700105],[-118.22832962776944,36.871479087898756],[-118.2283126400539,36.871679375173635],[-118.22845579999576,36.87179147221673]]]}},{"type":"Feature","properties":{"segment_id":205,"mask_origin":"sam_amg"},"geometry":{"type":"Polygon","coordinates":[[[-118.235246476407,36.87169403627413],[-118.23525828292414,36.871591153571046],[-118.23531981547876,36.871650006546986],[-118.23533957160463,36.87162275907309],[-118.23520838287725,36.87141860282945],[-118.23501328546357,36.87142603902447],[-118.235246476407,36.87169403627413]]]}},{"type":"Feature","properties":{"segment_id":206,"mask_origin":"sam_amg"},"geometry":{"type":"Polygon","coordinates":[[[-118.22993404976451,36.869942725787624],[-118.23002067767995,36.86988774492093],[-118.22993722545678,36.86972094751863],[-118.22969579918738,36.86977753026359],[-118.22993404976451,36.869942725787624]]]}},{"type":"Feature","properties":{"segment_id":207,"mask_origin":"sam_amg"},"geometry":{"type":"Polygon","coordinates":[[[-118.22823836754137,36.87208577463463],[-118.22856755941879,36.872044512730724],[-118.22856591383173,36.87194176970089],[-118.22830359509553,36.87195529827052],[-118.22823836754137,36.87208577463463]]]}},{"type":"Feature","properties":{"segment_id":208,"mask_origin":"sam_amg"},"geometry":{"type":"Polygon","coordinates":[[[-118.22504963066513,36.86547173207892],[-118.22507499649925,36.86537411883802],[-118.22524419625337,36.86543186725442],[-118.22520088029682,36.86524842717814],[-118.22491183633383,36.86527304047727],[-118.22504963066513,36.86547173207892]]]}},{"type":"Feature","properties":{"segment_id":209,"mask_origin":"sam_amg"},"geometry":{"type":"Polygon","coordinates":[[[-118.23318030558235,36.87255920939528],[-118.23338065857841,36.872459778496875],[-118.23335898866064,36.872368060267846],[-118.23302927680369,36.87237689031208],[-118.23318030558235,36.87255920939528]]]}},{"type":"Feature","properties":{"segment_id":210,"mask_origin":"sam_amg"},"geometry":{"type":"Polygon","coordinates":[[[-118.23249864312376,36.87203084774807],[-118.23254228144067,36.87181405829139],[-118.23225269444826,36.87180624471321],[-118.23235643260035,36.871978238420574],[-118.23249864312376,36.87203084774807]]]}},{"type":"Feature","properties":{"segment_id":211,"mask_origin":"sam_amg"},"geometry":{"type":"Polygon","coordinates":[[[-118.22913445885334,36.87171414502444],[-118.2292266933401,36.87158879723827],[-118.22909017655917,36.87147122399336],[-118.22889698402679,36.87159761576347],[-118.22913445885334,36.87171414502444]]]}},{"type":"Feature","properties":{"segment_id":212,"mask_origin":"sam_amg"},"geometry":{"type":"Polygon","coordinates":[[[-118.23592493050913,36.872022303917234],[-118.23603847849016,36.871967038709066],[-118.23605623027427,36.87181541832725],[-118.2357745062222,36.87187784100144],[-118.23592493050913,36.872022303917234]]]}},{"type":"Feature","properties":{"segment_id":213,"mask_origin":"sam_amg"},"geometry":{"type":"Polygon","coordinates":[[[-118.23002411423323,36.86632355670746],[-118.23031350700913,36.866320561052],[-118.23034498939943,36.8661850244366],[-118.23010270750915,36.86618753253154],[-118.23002411423323,36.86632355670746]]]}},{"type":"Feature","properties":{"segment_id":214,"mask_origin":"sam_amg"},"geometry":{"type":"Polygon","coordinates":[[[-118.22670307461557,36.87121465166033],[-118.22694502671747,36.87119052007716],[-118.22693570145184,36.87102836360873],[-118.226727142866,36.87103592517584],[-118.22670307461557,36.87121465166033]]]}},{"type":"Feature","properties":{"segment_id":215,"mask_origin":"sam_amg"},"geometry":{"type":"Polygon","coordinates":[[[-118.23447205896619,36.87251334665746],[-118.2346452266378,36.872397970789876],[-118.23451543082922,36.87228033404496],[-118.23438238567456,36.87237906769519],[-118.23447205896619,36.87251334665746]]]}},{"type":"Feature","properties":{"segment_id":216,"mask_origin":"sam_amg"},"geometry":{"type":"Polygon","coordinates":[[[-118.22768807907843,36.87345438370168],[-118.22774536620527,36.87324827177386],[-118.2275105713066,36.873299373211054],[-118.22755346514403,36.873455774373404],[-118.22768807907843,36.87345438370168]]]}},{"type":"Feature","properties":{"segment_id":217,"mask_origin":"sam_amg"},"geometry":{"type":"Polygon","coordinates":[[[-118.23263338861429,36.87245671536854],[-118.23263820745105,36.87233768012925],[-118.23232013237592,36.87223281065751],[-118.23232239113797,36.872373406176756],[-118.23263338861429,36.87245671536854]]]}},{"type":"Feature","properties":{"segment_id":218,"mask_origin":"sam_amg"},"geometry":{"type":"Polygon","coordinates":[[[-118.23255361030797,36.87126228180166],[-118.23271349101135,36.87115786338292],[-118.23241595971271,36.871074414685275],[-118.23239802709112,36.8712152196302],[-118.23255361030797,36.87126228180166]]]}},{"type":"Feature","properties":{"segment_id":219,"mask_origin":"sam_amg"},"geometry":{"type":"Polygon","coordinates":[[[-118.23257380178346,36.871262072371714],[-118.23271366481039,36.87116867842335],[-118.23240267251587,36.87108536932898],[-118.23239802709112,36.8712152196302],[-118.23257380178346,36.871262072371714]]]}},{"type":"Feature","properties":{"segment_id":220,"mask_origin":"sam_amg"},"geometry":{"type":"Polygon","coordinates":[[[-118.22663014327698,36.86539052793891],[-118.22676266802456,36.86525935766893],[-118.2266598163307,36.865141433868814],[-118.22650658299567,36.865240367170756],[-118.22663014327698,36.86539052793891]]]}},{"type":"Feature","properties":{"segment_id":221,"mask_origin":"sam_amg"},"geometry":{"type":"Polygon","coordinates":[[[-118.2314003057439,36.871544659516836],[-118.23157382329961,36.87145091815186],[-118.23159227840651,36.871342558441874],[-118.23138285159763,36.871296052961824],[-118.2314003057439,36.871544659516836]]]}},{"type":"Feature","properties":{"segment_id":222,"mask_origin":"sam_amg"},"geometry":{"type":"Polygon","coordinates":[[[-118.23434626972768,36.871389701971225],[-118.23452546937293,36.87123099625669],[-118.23451804267381,36.8711878060456],[-118.23414244074411,36.87127283375652],[-118.23415073725555,36.87137009916547],[-118.23434626972768,36.871389701971225]]]}},{"type":"Feature","properties":{"segment_id":223,"mask_origin":"sam_amg"},"geometry":{"type":"Polygon","coordinates":[[[-118.22796817114835,36.87328923695965],[-118.22803340013147,36.8731587607424],[-118.22770963553579,36.87311883878575],[-118.22780637510976,36.873274683537],[-118.22796817114835,36.87328923695965]]]}},{"type":"Feature","properties":{"segment_id":224,"mask_origin":"sam_amg"},"geometry":{"type":"Polygon","coordinates":[[[-118.23076361902775,36.865007060836476],[-118.23108114125694,36.86507949001884],[-118.23116007850896,36.864965095290266],[-118.23076361902775,36.865007060836476]]]}},{"type":"Feature","properties":{"segment_id":225,"mask_origin":"sam_amg"},"geometry":{"type":"Polygon","coordinates":[[[-118.22859371365004,36.870735403763696],[-118.22874721484627,36.87065269029313],[-118.22877740227568,36.87043604117297],[-118.22853779151474,36.870606179726465],[-118.22859371365004,36.870735403763696]]]}},{"type":"Feature","properties":{"segment_id":226,"mask_origin":"sam_amg"},"geometry":{"type":"Polygon","coordinates":[[[-118.2291593693134,36.86738714728402],[-118.22920223508238,36.86712169098325],[-118.22905934287274,36.8670258172068],[-118.22903028346781,36.86731276438706],[-118.2291593693134,36.86738714728402]]]}},{"type":"Feature","properties":{"segment_id":227,"mask_origin":"sam_amg"},"geometry":{"type":"Polygon","coordinates":[[[-118.22610192170109,36.87192935944156],[-118.22614652893942,36.87177205486167],[-118.22589672068258,36.87172595635283],[-118.22598706992501,36.87190350228766],[-118.22610192170109,36.87192935944156]]]}},{"type":"Feature","properties":{"segment_id":228,"mask_origin":"sam_amg"},"geometry":{"type":"Polygon","coordinates":[[[-118.22816844644773,36.873184407174726],[-118.2282595585451,36.8729887622487],[-118.22806272459414,36.872888036557],[-118.22808060139792,36.87316368136553],[-118.22816844644773,36.873184407174726]]]}},{"type":"Feature","properties":{"segment_id":229,"mask_origin":"sam_amg"},"geometry":{"type":"Polygon","coordinates":[[[-118.2328309225259,36.87260069355434],[-118.2331340606896,36.87261377349545],[-118.23287560315639,36.87244879423224],[-118.23265978960126,36.87242399098714],[-118.2328309225259,36.87260069355434]]]}},{"type":"Feature","properties":{"segment_id":230,"mask_origin":"sam_amg"},"geometry":{"type":"Polygon","coordinates":[[[-118.2307838372026,36.87130225859425],[-118.23081497348818,36.87114509184671],[-118.23051218833979,36.87115363596988],[-118.23054731547421,36.871245215414966],[-118.2307838372026,36.87130225859425]]]}},{"type":"Feature","properties":{"segment_id":231,"mask_origin":"sam_amg"},"geometry":{"type":"MultiPolygon","coordinates":[[[[-118.23265061784991,36.87143434507819],[-118.23252903428865,36.87140856408793],[-118.23252790475587,36.87133826632276],[-118.23245300045342,36.87128495898247],[-118.23273585498839,36.87129284192914],[-118.23265061784991,36.87143434507819]]],[[[-118.23250133030187,36.87136017563391],[-118.23229984962903,36.8713893072649],[-118.23224539752873,36.87135201296783],[-118.23250133030187,36.87136017563391]]]]}},{"type":"Feature","properties":{"segment_id":232,"mask_origin":"sam_amg"},"geometry":{"type":"Polygon","coordinates":[[[-118.23434626972768,36.871389701971225],[-118.23439785122595,36.87124854723748],[-118.23453849519944,36.87120381883168],[-118.2341290667662,36.871278381071775],[-118.23434626972768,36.871389701971225]]]}},{"type":"Feature","properties":{"segment_id":233,"mask_origin":"sam_amg"},"geometry":{"type":"Polygon","coordinates":[[[-118.22991342512475,36.86991589712757],[-118.23002697452705,36.869860637622715],[-118.22994421591945,36.86973710044113],[-118.2297024428733,36.86977205309061],[-118.22991342512475,36.86991589712757]]]}},{"type":"Feature","properties":{"segment_id":234,"mask_origin":"sam_amg"},"geometry":{"type":"Polygon","coordinates":[[[-118.23199471961813,36.87209015745003],[-118.23213527974242,36.872040024319965],[-118.23203809883128,36.87185714559074],[-118.23189106895353,36.87192357093903],[-118.23199471961813,36.87209015745003]]]}},{"type":"Feature","properties":{"segment_id":235,"mask_origin":"sam_amg"},"geometry":{"type":"Polygon","coordinates":[[[-118.23573732362837,36.87249478743779],[-118.23562037741725,36.87233915936046],[-118.2353844587877,36.872319978540894],[-118.23545341939273,36.87242202156459],[-118.23573732362837,36.87249478743779]]]}},{"type":"Feature","properties":{"segment_id":236,"mask_origin":"sam_amg"},"geometry":{"type":"Polygon","coordinates":[[[-118.23063100311114,36.87310484594038],[-118.23087977712639,36.87308604408356],[-118.23092498257198,36.872966590564],[-118.23069631413739,36.87297977586652],[-118.23063100311114,36.87310484594038]]]}},{"type":"Feature","properties":{"segment_id":237,"mask_origin":"sam_amg"},"geometry":{"type":"Polygon","coordinates":[[[-118.22798456070619,36.8646409939701],[-118.22815798064624,36.8645418501623],[-118.22820413787137,36.864481880415305],[-118.22787437234516,36.86448528801594],[-118.22798456070619,36.8646409939701]]]}},{"type":"Feature","properties":{"segment_id":238,"mask_origin":"sam_amg"},"geometry":{"type":"Polygon","coordinates":[[[-118.22801446483236,36.865668286588416],[-118.22822913269673,36.86562280073066],[-118.22832817821266,36.86550279160291],[-118.22814612203656,36.86548303946882],[-118.227979429993,36.865582113742384],[-118.22801446483236,36.865668286588416]]]}},{"type":"Feature","properties":{"segment_id":239,"mask_origin":"sam_amg"},"geometry":{"type":"MultiPolygon","coordinates":[[[[-118.23519791833439,36.87244090290032],[-118.23510972410197,36.872398552248434],[-118.23515657697006,36.87238184000479],[-118.23519791833439,36.87244090290032]]],[[[-118.23485596410777,36.87252558313835],[-118.23478001245512,36.872407387149615],[-118.23505622769501,36.8724207419414],[-118.23503043721553,36.87249131943639],[-118.23485596410777,36.87252558313835]]]]}},{"type":"Feature","properties":{"segment_id":240,"mask_origin":"sam_amg"},"geometry":{"type":"Polygon","coordinates":[[[-118.22805246663697,36.87308825420858],[-118.22823289569655,36.87300526310466],[-118.22817032834013,36.872881516057085],[-118.2279633231678,36.87298641538819],[-118.22805246663697,36.87308825420858]]]}},{"type":"Feature","properties":{"segment_id":241,"mask_origin":"sam_amg"},"geometry":{"type":"Polygon","coordinates":[[[-118.22717327536995,36.87157216136489],[-118.2272303030849,36.871349827028254],[-118.22708179927754,36.871324318456615],[-118.22703754020357,36.87150325348487],[-118.22717327536995,36.87157216136489]]]}},{"type":"Feature","properties":{"segment_id":242,"mask_origin":"sam_amg"},"geometry":{"type":"Polygon","coordinates":[[[-118.22914110274404,36.87170866788076],[-118.22920598183161,36.871556560939325],[-118.22896359623873,36.87155365949598],[-118.22898560721828,36.87166700874967],[-118.22914110274404,36.87170866788076]]]}},{"type":"Feature","properties":{"segment_id":243,"mask_origin":"sam_amg"},"geometry":{"type":"MultiPolygon","coordinates":[[[[-118.23162981187981,36.86781046878686],[-118.23160857957345,36.86774578773317],[-118.2316286833184,36.867740170955244],[-118.23162981187981,36.86781046878686]]],[[[-118.23174674293821,36.86796610118569],[-118.2316430986356,36.867799514232125],[-118.23181022466146,36.867727472479466],[-118.2318601144652,36.86790002493905],[-118.23174674293821,36.86796610118569]]]]}},{"type":"Feature","properties":{"segment_id":244,"mask_origin":"sam_amg"},"geometry":{"type":"Polygon","coordinates":[[[-118.2304376162436,36.87196026310478],[-118.23048108688552,36.87173265924716],[-118.23031256322268,36.87171817887432],[-118.2303157723238,36.87191825728069],[-118.2304376162436,36.87196026310478]]]}},{"type":"Feature","properties":{"segment_id":245,"mask_origin":"sam_amg"},"geometry":{"type":"Polygon","coordinates":[[[-118.23226155145083,36.87151950653035],[-118.232442059012,36.87144191668616],[-118.23247449518263,36.8713658623778],[-118.23218490988602,36.871358048602396],[-118.23226155145083,36.87151950653035]]]}},{"type":"Feature","properties":{"segment_id":246,"mask_origin":"sam_amg"},"geometry":{"type":"Polygon","coordinates":[[[-118.2312096813225,36.87141142414037],[-118.23114554837444,36.871190343272595],[-118.23093112722528,36.87125205718489],[-118.23105305717809,36.87129946991938],[-118.2312096813225,36.87141142414037]]]}},{"type":"Feature","properties":{"segment_id":247,"mask_origin":"sam_amg"},"geometry":{"type":"Polygon","coordinates":[[[-118.22818451107938,36.86535824886178],[-118.22818148142179,36.86516898514376],[-118.2279860526847,36.86515477938643],[-118.2279742371365,36.865257661637806],[-118.22818451107938,36.86535824886178]]]}},{"type":"Feature","properties":{"segment_id":248,"mask_origin":"sam_amg"},"geometry":{"type":"Polygon","coordinates":[[[-118.2327035145549,36.87221260900888],[-118.23299319001983,36.87222582897718],[-118.23282826668724,36.872016611683044],[-118.2327035145549,36.87221260900888]]]}},{"type":"Feature","properties":{"segment_id":249,"mask_origin":"sam_amg"},"geometry":{"type":"Polygon","coordinates":[[[-118.23612440274877,36.870197591670255],[-118.23621076495147,36.8701263838275],[-118.23579121622606,36.86999012861648],[-118.23588709670469,36.87009189148997],[-118.23612440274877,36.870197591670255]]]}},{"type":"Feature","properties":{"segment_id":250,"mask_origin":"sam_amg"},"geometry":{"type":"Polygon","coordinates":[[[-118.23581303766103,36.87218031176669],[-118.23588515708954,36.87206057651032],[-118.23568892568584,36.871997716171336],[-118.23567772948083,36.87213845149386],[-118.23581303766103,36.87218031176669]]]}},{"type":"Feature","properties":{"segment_id":251,"mask_origin":"sam_amg"},"geometry":{"type":"Polygon","coordinates":[[[-118.22862364566716,36.87344471432225],[-118.22868231621217,36.87332512241316],[-118.22832723534802,36.87343155334827],[-118.22832749514059,36.87344777592943],[-118.22862364566716,36.87344471432225]]]}},{"type":"Feature","properties":{"segment_id":252,"mask_origin":"sam_amg"},"geometry":{"type":"Polygon","coordinates":[[[-118.22800825412351,36.86570080134023],[-118.22824241957905,36.86561184655027],[-118.2283079882205,36.8655030002838],[-118.22815302515309,36.86549378498741],[-118.22817503294438,36.86560713455859],[-118.22798581380326,36.86556041406128],[-118.22800825412351,36.86570080134023]]]}},{"type":"Feature","properties":{"segment_id":253,"mask_origin":"sam_amg"},"geometry":{"type":"Polygon","coordinates":[[[-118.22888221715571,36.87277680467816],[-118.22907801207134,36.87281263868665],[-118.22908757414464,36.87256916077726],[-118.22888221715571,36.87277680467816]]]}},{"type":"Feature","properties":{"segment_id":254,"mask_origin":"sam_amg"},"geometry":{"type":"Polygon","coordinates":[[[-118.23564939609322,36.87079745802774],[-118.23581005555846,36.8707417031602],[-118.2358082261184,36.870628145359134],[-118.23553996704916,36.87069042742588],[-118.23564939609322,36.87079745802774]]]}},{"type":"Feature","properties":{"segment_id":255,"mask_origin":"sam_amg"},"geometry":{"type":"Polygon","coordinates":[[[-118.23370540853662,36.87004966005866],[-118.23391509415391,36.87011238404766],[-118.23394578867388,36.86992817898246],[-118.23370540853662,36.87004966005866]]]}},{"type":"Feature","properties":{"segment_id":256,"mask_origin":"sam_amg"},"geometry":{"type":"Polygon","coordinates":[[[-118.23119137682846,36.86943213090547],[-118.2312897280411,36.86926885918003],[-118.23122802690436,36.8691991889513],[-118.23107418422708,36.86926027544236],[-118.23119137682846,36.86943213090547]]]}},{"type":"Feature","properties":{"segment_id":257,"mask_origin":"sam_amg"},"geometry":{"type":"Polygon","coordinates":[[[-118.23248778241644,36.87135490772587],[-118.23246567950014,36.87123615168857],[-118.23221639076787,36.871222511626556],[-118.23221165816112,36.87134695440249],[-118.23248778241644,36.87135490772587]]]}},{"type":"Feature","properties":{"segment_id":258,"mask_origin":"sam_amg"},"geometry":{"type":"Polygon","coordinates":[[[-118.22743255323573,36.87305139164725],[-118.22750494628764,36.87294788382584],[-118.22721509562054,36.872923835451836],[-118.22724331601837,36.87300467035505],[-118.22743255323573,36.87305139164725]]]}},{"type":"Feature","properties":{"segment_id":259,"mask_origin":"sam_amg"},"geometry":{"type":"Polygon","coordinates":[[[-118.23461725984242,36.87233336032277],[-118.23478447976065,36.872266721824204],[-118.2345872912916,36.872144376992416],[-118.23461725984242,36.87233336032277]]]}},{"type":"Feature","properties":{"segment_id":260,"mask_origin":"sam_amg"},"geometry":{"type":"Polygon","coordinates":[[[-118.2280894257336,36.865305147210194],[-118.2281879517052,36.865152692986904],[-118.22799916642674,36.865133010162666],[-118.22796733406689,36.865246916107544],[-118.2280894257336,36.865305147210194]]]}},{"type":"Feature","properties":{"segment_id":261,"mask_origin":"sam_amg"},"geometry":{"type":"Polygon","coordinates":[[[-118.23216506582831,36.87137988805129],[-118.23218955567357,36.87122819830572],[-118.23196762319208,36.871241316169886],[-118.23199645584339,36.87136000253616],[-118.23216506582831,36.87137988805129]]]}},{"type":"Feature","properties":{"segment_id":262,"mask_origin":"sam_amg"},"geometry":{"type":"Polygon","coordinates":[[[-118.2325786676587,36.87156489350646],[-118.23263594030887,36.8713587794256],[-118.23271557660595,36.87128764386667],[-118.2325215218035,36.87135996621239],[-118.23247684104041,36.87151186542981],[-118.2325786676587,36.87156489350646]]]}},{"type":"Feature","properties":{"segment_id":263,"mask_origin":"sam_amg"},"geometry":{"type":"Polygon","coordinates":[[[-118.23434626972768,36.871389701971225],[-118.23439085968597,36.871232394600945],[-118.2341290667662,36.871278381071775],[-118.23414383275633,36.87135935403107],[-118.23434626972768,36.871389701971225]]]}},{"type":"Feature","properties":{"segment_id":264,"mask_origin":"sam_amg"},"geometry":{"type":"Polygon","coordinates":[[[-118.23269100088977,36.87143392618026],[-118.23274258548244,36.87129277210917],[-118.23244644372147,36.871295843827305],[-118.23256286059151,36.87141903008248],[-118.23269100088977,36.87143392618026]]]}},{"type":"Feature","properties":{"segment_id":265,"mask_origin":"sam_amg"},"geometry":{"type":"Polygon","coordinates":[[[-118.23612950754196,36.873020733448946],[-118.23621508847616,36.87290085797349],[-118.23603214161304,36.87282704319207],[-118.23599367488491,36.87294642850172],[-118.23612950754196,36.873020733448946]]]}},{"type":"Feature","properties":{"segment_id":266,"mask_origin":"sam_amg"},"geometry":{"type":"Polygon","coordinates":[[[-118.23251279292812,36.87123566304852],[-118.23260449991561,36.87107786761975],[-118.23241595971271,36.871074414685275],[-118.23239112284907,36.87120447438887],[-118.23251279292812,36.87123566304852]]]}},{"type":"Feature","properties":{"segment_id":267,"mask_origin":"sam_amg"},"geometry":{"type":"Polygon","coordinates":[[[-118.22743720709538,36.872921541422315],[-118.22763756874717,36.87282212005938],[-118.2275755217536,36.87273081784956],[-118.22745532222338,36.87279155214917],[-118.22743720709538,36.872921541422315]]]}},{"type":"Feature","properties":{"segment_id":268,"mask_origin":"sam_amg"},"geometry":{"type":"Polygon","coordinates":[[[-118.23346805237233,36.87161515779453],[-118.2334653568056,36.871447524725916],[-118.23323625878321,36.87143367723452],[-118.23325093693003,36.871509242800784],[-118.23346805237233,36.87161515779453]]]}},{"type":"Feature","properties":{"segment_id":269,"mask_origin":"sam_amg"},"geometry":{"type":"Polygon","coordinates":[[[-118.23640184071589,36.8719578502153],[-118.23641985326691,36.87182245232852],[-118.23621146823332,36.8718408455898],[-118.23622641083898,36.87193263326469],[-118.23640184071589,36.8719578502153]]]}},{"type":"Feature","properties":{"segment_id":270,"mask_origin":"sam_amg"},"geometry":{"type":"Polygon","coordinates":[[[-118.23202333268998,36.86758464426763],[-118.2319388368049,36.86735295793999],[-118.23186454466511,36.8673375027919],[-118.23182607391934,36.86745688692939],[-118.23202333268998,36.86758464426763]]]}},{"type":"Feature","properties":{"segment_id":271,"mask_origin":"sam_amg"},"geometry":{"type":"Polygon","coordinates":[[[-118.2349636536544,36.872524464020294],[-118.23499539121683,36.872405148959714],[-118.23477345596574,36.87241827211652],[-118.23479495348263,36.872499175025695],[-118.2349636536544,36.872524464020294]]]}},{"type":"Feature","properties":{"segment_id":272,"mask_origin":"sam_amg"},"geometry":{"type":"Polygon","coordinates":[[[-118.22544459067292,36.86828545183461],[-118.22557833176701,36.86822998834382],[-118.22559688111389,36.8681270369032],[-118.22535554274593,36.86818901834841],[-118.22544459067292,36.86828545183461]]]}},{"type":"Feature","properties":{"segment_id":273,"mask_origin":"sam_amg"},"geometry":{"type":"Polygon","coordinates":[[[-118.229866732512,36.87204189079144],[-118.22983108559959,36.87191786599666],[-118.229642976757,36.87194144632638],[-118.22965126766785,36.87203871214291],[-118.229866732512,36.87204189079144]]]}},{"type":"Feature","properties":{"segment_id":274,"mask_origin":"sam_amg"},"geometry":{"type":"Polygon","coordinates":[[[-118.23318380567882,36.87152075631256],[-118.2332218414753,36.87137433422193],[-118.233066779194,36.871359718054116],[-118.23303495207924,36.871473625148354],[-118.23318380567882,36.87152075631256]]]}},{"type":"Feature","properties":{"segment_id":275,"mask_origin":"sam_amg"},"geometry":{"type":"MultiPolygon","coordinates":[[[[-118.23392568454094,36.86993379615788],[-118.23386493723989,36.86992361006913],[-118.23392559755989,36.86992838863902],[-118.23392568454094,36.86993379615788]]],[[[-118.23376789532831,36.87016799660775],[-118.23375208636811,36.87002213334497],[-118.23392681529685,36.87000409390267],[-118.23391509415391,36.87011238404766],[-118.23376789532831,36.87016799660775]]]]}},{"type":"Feature","properties":{"segment_id":276,"mask_origin":"sam_amg"},"geometry":{"type":"Polygon","coordinates":[[[-118.22671908918832,36.86505969559225],[-118.22679829239746,36.86496152625517],[-118.22669587333986,36.86487064016468],[-118.22658319320973,36.86497997182302],[-118.22671908918832,36.86505969559225]]]}},{"type":"Feature","properties":{"segment_id":277,"mask_origin":"sam_amg"},"geometry":{"type":"Polygon","coordinates":[[[-118.22869746204637,36.86544488984336],[-118.2288178224247,36.865394969511016],[-118.22877553722303,36.86527642129699],[-118.22860824031545,36.86533764369668],[-118.22869746204637,36.86544488984336]]]}},{"type":"Feature","properties":{"segment_id":278,"mask_origin":"sam_amg"},"geometry":{"type":"Polygon","coordinates":[[[-118.23654168190424,36.87228090026226],[-118.23666100137581,36.87216608180133],[-118.23665986802575,36.87209578415471],[-118.2364855709464,36.872140865244674],[-118.23654168190424,36.87228090026226]]]}},{"type":"Feature","properties":{"segment_id":279,"mask_origin":"sam_amg"},"geometry":{"type":"Polygon","coordinates":[[[-118.23202229539122,36.87338789251962],[-118.2320601605197,36.87323065574837],[-118.23186540543311,36.87325971694282],[-118.23186662128425,36.87333542222269],[-118.23202229539122,36.87338789251962]]]}},{"type":"Feature","properties":{"segment_id":280,"mask_origin":"sam_amg"},"geometry":{"type":"Polygon","coordinates":[[[-118.2278516464295,36.86558884249252],[-118.22786363526048,36.86549677532543],[-118.22762083618112,36.865466833108094],[-118.22767614710143,36.86555820503509],[-118.2278516464295,36.86558884249252]]]}},{"type":"Feature","properties":{"segment_id":281,"mask_origin":"sam_amg"},"geometry":{"type":"Polygon","coordinates":[[[-118.23369325224851,36.87013091259118],[-118.2338882595826,36.87011807110199],[-118.23392690227823,36.87000950142148],[-118.23376528621804,36.870005771036304],[-118.23369325224851,36.87013091259118]]]}},{"type":"Feature","properties":{"segment_id":282,"mask_origin":"sam_amg"},"geometry":{"type":"Polygon","coordinates":[[[-118.2251114683733,36.870187244628575],[-118.22529827892214,36.87008255847661],[-118.22512285653463,36.87005732497766],[-118.2251114683733,36.870187244628575]]]}},{"type":"Feature","properties":{"segment_id":283,"mask_origin":"sam_amg"},"geometry":{"type":"Polygon","coordinates":[[[-118.22747269677897,36.873456608703265],[-118.22736974612916,36.873333278370666],[-118.22722244969107,36.87338347546461],[-118.22721693026767,36.87345925038585],[-118.22747269677897,36.873456608703265]]]}},{"type":"Feature","properties":{"segment_id":284,"mask_origin":"sam_amg"},"geometry":{"type":"MultiPolygon","coordinates":[[[[-118.23457055245238,36.870267828963605],[-118.23445439527173,36.870160867232336],[-118.23458088023946,36.8700730184957],[-118.23466321143108,36.87016951471021],[-118.23457055245238,36.870267828963605]]],[[[-118.23443881606737,36.87044767540307],[-118.23440472890684,36.87042098738541],[-118.23444519840582,36.870425975418655],[-118.23443881606737,36.87044767540307]]]]}},{"type":"Feature","properties":{"segment_id":285,"mask_origin":"sam_amg"},"geometry":{"type":"MultiPolygon","coordinates":[[[[-118.22514658274166,36.86985696857106],[-118.225077292655,36.86973328907893],[-118.225251677856,36.86969363222036],[-118.22525944466366,36.869758453266655],[-118.22514658274166,36.86985696857106]]],[[[-118.22522096246988,36.86987783542973],[-118.22516082078434,36.869905497625346],[-118.22516694663047,36.869867575479695],[-118.22522096246988,36.86987783542973]]]]}},{"type":"Feature","properties":{"segment_id":286,"mask_origin":"sam_amg"},"geometry":{"type":"Polygon","coordinates":[[[-118.22871811813603,36.87177794332155],[-118.22875564288049,36.871599077339816],[-118.22861378205263,36.87156809357914],[-118.22858151516326,36.87165496195961],[-118.22871811813603,36.87177794332155]]]}},{"type":"Feature","properties":{"segment_id":287,"mask_origin":"sam_amg"},"geometry":{"type":"Polygon","coordinates":[[[-118.23210631736445,36.87233237935814],[-118.23222685984243,36.872293270510866],[-118.23218447843286,36.87216931629222],[-118.2320302832442,36.872208774005344],[-118.23210631736445,36.87233237935814]]]}},{"type":"Feature","properties":{"segment_id":288,"mask_origin":"sam_amg"},"geometry":{"type":"Polygon","coordinates":[[[-118.23096693869142,36.87222520221702],[-118.23107358652774,36.8721591963592],[-118.23105200623743,36.872072885175044],[-118.2308909064978,36.87210159609698],[-118.23096693869142,36.87222520221702]]]}},{"type":"Feature","properties":{"segment_id":289,"mask_origin":"sam_amg"},"geometry":{"type":"MultiPolygon","coordinates":[[[[-118.23103085991603,36.8720136115992],[-118.23084939505601,36.87203171658839],[-118.23084878766055,36.87199386392577],[-118.23103085991603,36.8720136115992]]],[[[-118.23105365516179,36.87217562810663],[-118.23091860976051,36.87214998493442],[-118.23105226659334,36.872089107743314],[-118.23105365516179,36.87217562810663]]]]}},{"type":"Feature","properties":{"segment_id":290,"mask_origin":"sam_amg"},"geometry":{"type":"Polygon","coordinates":[[[-118.22739398844949,36.865171712586765],[-118.2274121887024,36.86504713072318],[-118.22725058316762,36.865043391275066],[-118.2272656000224,36.86514058793882],[-118.22739398844949,36.865171712586765]]]}},{"type":"Feature","properties":{"segment_id":291,"mask_origin":"sam_amg"},"geometry":{"type":"Polygon","coordinates":[[[-118.2272229510072,36.87299406382841],[-118.22747828328585,36.872964384515285],[-118.22722165323576,36.872912950882345],[-118.2272229510072,36.87299406382841]]]}},{"type":"Feature","properties":{"segment_id":292,"mask_origin":"sam_amg"},"geometry":{"type":"Polygon","coordinates":[[[-118.22775919835918,36.87200959994381],[-118.22761517357104,36.87184342675488],[-118.22751490752066,36.87188772991331],[-118.22754295474486,36.87195774970034],[-118.22775919835918,36.87200959994381]]]}},{"type":"Feature","properties":{"segment_id":293,"mask_origin":"sam_amg"},"geometry":{"type":"Polygon","coordinates":[[[-118.23230323761847,36.87160020057411],[-118.23251783233172,36.871549299232115],[-118.23233541336835,36.871507923739856],[-118.23230323761847,36.87160020057411]]]}},{"type":"Feature","properties":{"segment_id":294,"mask_origin":"sam_amg"},"geometry":{"type":"Polygon","coordinates":[[[-118.23193471640589,36.865000335150654],[-118.23209684291577,36.865036513388056],[-118.23208155947547,36.864923094864466],[-118.23193471640589,36.865000335150654]]]}},{"type":"Feature","properties":{"segment_id":295,"mask_origin":"sam_amg"},"geometry":{"type":"Polygon","coordinates":[[[-118.2254431596675,36.865245929129394],[-118.22558983720803,36.86515788165921],[-118.22542072418439,36.86510554126659],[-118.2254431596675,36.865245929129394]]]}},{"type":"Feature","properties":{"segment_id":296,"mask_origin":"sam_amg"},"geometry":{"type":"Polygon","coordinates":[[[-118.22464358873056,36.86575715542216],[-118.22467533992543,36.86563784274094],[-118.22450683054672,36.86562335385248],[-118.22451502773887,36.86571521271927],[-118.22464358873056,36.86575715542216]]]}},{"type":"Feature","properties":{"segment_id":297,"mask_origin":"sam_amg"},"geometry":{"type":"Polygon","coordinates":[[[-118.23331653396201,36.87307700391214],[-118.23349713099098,36.87300481995391],[-118.2333748490506,36.8729357797501],[-118.23331653396201,36.87307700391214]]]}},{"type":"Feature","properties":{"segment_id":298,"mask_origin":"sam_amg"},"geometry":{"type":"Polygon","coordinates":[[[-118.23189020051524,36.87186949572685],[-118.23192081365029,36.87167988361371],[-118.23183270888386,36.87164293799585],[-118.23178094871676,36.87177327665601],[-118.23189020051524,36.87186949572685]]]}},{"type":"Feature","properties":{"segment_id":299,"mask_origin":"sam_amg"},"geometry":{"type":"MultiPolygon","coordinates":[[[[-118.23223028607462,36.871249409650964],[-118.23222164455309,36.87113051397573],[-118.2323628977773,36.871123640772424],[-118.23236420090008,36.87120475358628],[-118.23223028607462,36.871249409650964]]],[[[-118.23213788323663,36.87136394463505],[-118.23199610844519,36.87133837245016],[-118.23201473663204,36.871240827727235],[-118.23213788323663,36.87136394463505]]]]}},{"type":"Feature","properties":{"segment_id":300,"mask_origin":"sam_amg"},"geometry":{"type":"Polygon","coordinates":[[[-118.2281233643157,36.87247096129312],[-118.22818911188232,36.8723729301607],[-118.22805993184306,36.87229313887952],[-118.22800729909306,36.87236940072205],[-118.2281233643157,36.87247096129312]]]}},{"type":"Feature","properties":{"segment_id":301,"mask_origin":"sam_amg"},"geometry":{"type":"Polygon","coordinates":[[[-118.23371344341757,36.870130702973114],[-118.23392138963493,36.870085276569206],[-118.23392690227823,36.87000950142148],[-118.23375208636811,36.87002213334497],[-118.23371344341757,36.870130702973114]]]}},{"type":"Feature","properties":{"segment_id":302,"mask_origin":"sam_amg"},"geometry":{"type":"Polygon","coordinates":[[[-118.2282224026886,36.86562287028592],[-118.22832861107611,36.86552982927429],[-118.2282871922402,36.86546535622054],[-118.22813292172081,36.865499401173196],[-118.2282224026886,36.86562287028592]]]}},{"type":"Feature","properties":{"segment_id":303,"mask_origin":"sam_amg"},"geometry":{"type":"Polygon","coordinates":[[[-118.22786227074957,36.86583211203547],[-118.22793413740581,36.86569615875606],[-118.22775208085358,36.86567640602544],[-118.22774656229124,36.865752181047654],[-118.22786227074957,36.86583211203547]]]}},{"type":"Feature","properties":{"segment_id":304,"mask_origin":"sam_amg"},"geometry":{"type":"Polygon","coordinates":[[[-118.23321684969065,36.871482554448086],[-118.23321502403977,36.87136899655016],[-118.23304020489012,36.871381627483],[-118.23304150874118,36.871462740272634],[-118.23321684969065,36.871482554448086]]]}},{"type":"Feature","properties":{"segment_id":305,"mask_origin":"sam_amg"},"geometry":{"type":"Polygon","coordinates":[[[-118.23367861181644,36.871731957288056],[-118.23374443856149,36.87163933073049],[-118.23366210687666,36.8715428339105],[-118.23352967055828,36.87167941924055],[-118.23367861181644,36.871731957288056]]]}},{"type":"Feature","properties":{"segment_id":306,"mask_origin":"sam_amg"},"geometry":{"type":"Polygon","coordinates":[[[-118.22619146992082,36.87121452335594],[-118.22650849527066,36.87125451909192],[-118.22653498497489,36.871227203557154],[-118.22619146992082,36.87121452335594]]]}},{"type":"Feature","properties":{"segment_id":307,"mask_origin":"sam_amg"},"geometry":{"type":"Polygon","coordinates":[[[-118.23285630859856,36.87124832495284],[-118.23298978844194,36.871176630591236],[-118.2328002920347,36.871113695552445],[-118.23285630859856,36.87124832495284]]]}},{"type":"Feature","properties":{"segment_id":308,"mask_origin":"sam_amg"},"geometry":{"type":"Polygon","coordinates":[[[-118.23467835731722,36.87236517604609],[-118.23479173263206,36.872299096976384],[-118.23470258130641,36.87219726334777],[-118.23461543206223,36.87221980250107],[-118.23467835731722,36.87236517604609]]]}},{"type":"Feature","properties":{"segment_id":309,"mask_origin":"sam_amg"},"geometry":{"type":"Polygon","coordinates":[[[-118.22876594936133,36.865098042271065],[-118.22895542764068,36.865160984141895],[-118.22894739844827,36.86507994073687],[-118.22876594936133,36.865098042271065]]]}},{"type":"Feature","properties":{"segment_id":310,"mask_origin":"sam_amg"},"geometry":{"type":"Polygon","coordinates":[[[-118.23555472659893,36.87244260194232],[-118.23560044700167,36.872355591852944],[-118.23541085853786,36.87228725357011],[-118.23541260040626,36.87239540384284],[-118.23555472659893,36.87244260194232]]]}},{"type":"Feature","properties":{"segment_id":311,"mask_origin":"sam_amg"},"geometry":{"type":"Polygon","coordinates":[[[-118.22669339337662,36.86555753640921],[-118.22673213066966,36.865454376379134],[-118.22660339621112,36.8654016208698],[-118.22657164811692,36.86552093401382],[-118.22669339337662,36.86555753640921]]]}},{"type":"Feature","properties":{"segment_id":312,"mask_origin":"sam_amg"},"geometry":{"type":"Polygon","coordinates":[[[-118.23460394335987,36.87025125679719],[-118.23464966361692,36.870164247046496],[-118.23456077611846,36.870078635778285],[-118.23445483036728,36.87018790482016],[-118.23460394335987,36.87025125679719]]]}},{"type":"Feature","properties":{"segment_id":313,"mask_origin":"sam_amg"},"geometry":{"type":"Polygon","coordinates":[[[-118.23286976957823,36.871248185299024],[-118.23299669276423,36.87118737579631],[-118.23278674417374,36.87110842767785],[-118.23286976957823,36.871248185299024]]]}},{"type":"Feature","properties":{"segment_id":314,"mask_origin":"sam_amg"},"geometry":{"type":"Polygon","coordinates":[[[-118.22801498413902,36.86570073179698],[-118.22812153912216,36.86562932110372],[-118.22809323418396,36.86554307874315],[-118.2279661430773,36.865593067894025],[-118.22801498413902,36.86570073179698]]]}},{"type":"Feature","properties":{"segment_id":315,"mask_origin":"sam_amg"},"geometry":{"type":"Polygon","coordinates":[[[-118.2249058569338,36.87122237363765],[-118.22497842449198,36.87112968236545],[-118.22478289463896,36.871110064086125],[-118.22479721904952,36.871164000710195],[-118.2249058569338,36.87122237363765]]]}},{"type":"Feature","properties":{"segment_id":316,"mask_origin":"sam_amg"},"geometry":{"type":"Polygon","coordinates":[[[-118.22762728610927,36.86881458345751],[-118.22767931114433,36.86870046904796],[-118.22752416860664,36.868680437988225],[-118.2275252069197,36.86874532838411],[-118.22762728610927,36.86881458345751]]]}},{"type":"Feature","properties":{"segment_id":317,"mask_origin":"sam_amg"},"geometry":{"type":"Polygon","coordinates":[[[-118.2319453909054,36.87153360143671],[-118.23206549795206,36.871467455163064],[-118.23205125524609,36.87141892703477],[-118.23189601936839,36.8713934942936],[-118.2319453909054,36.87153360143671]]]}},{"type":"Feature","properties":{"segment_id":318,"mask_origin":"sam_amg"},"geometry":{"type":"Polygon","coordinates":[[[-118.22764559305796,36.86533136662789],[-118.22779899812953,36.86524324695353],[-118.22762419179207,36.86525586968933],[-118.22764559305796,36.86533136662789]]]}},{"type":"Feature","properties":{"segment_id":319,"mask_origin":"sam_amg"},"geometry":{"type":"Polygon","coordinates":[[[-118.22805516996108,36.86526764219531],[-118.22817587674527,36.86523935264893],[-118.22818165454434,36.865179800213525],[-118.228012886006,36.86514909368438],[-118.22805516996108,36.86526764219531]]]}},{"type":"Feature","properties":{"segment_id":320,"mask_origin":"sam_amg"},"geometry":{"type":"Polygon","coordinates":[[[-118.22947224850503,36.86506910361625],[-118.22962842410432,36.865154022653776],[-118.2296404974085,36.86506736287348],[-118.22947224850503,36.86506910361625]]]}},{"type":"Feature","properties":{"segment_id":321,"mask_origin":"sam_amg"},"geometry":{"type":"Polygon","coordinates":[[[-118.22934417348209,36.869678408258956],[-118.2296287250678,36.869372592460245],[-118.22959455335595,36.869340495489936],[-118.22934417348209,36.869678408258956]]]}},{"type":"Feature","properties":{"segment_id":322,"mask_origin":"sam_amg"},"geometry":{"type":"Polygon","coordinates":[[[-118.22758522244946,36.871654441321176],[-118.22774744778334,36.87169603276181],[-118.22777359097485,36.871647086838934],[-118.22758522244946,36.871654441321176]]]}},{"type":"Feature","properties":{"segment_id":323,"mask_origin":"sam_amg"},"geometry":{"type":"Polygon","coordinates":[[[-118.23306985884216,36.87113253240021],[-118.23325149483398,36.87112523910447],[-118.23310212041018,36.87104566289149],[-118.23306985884216,36.87113253240021]]]}},{"type":"Feature","properties":{"segment_id":324,"mask_origin":"sam_amg"},"geometry":{"type":"Polygon","coordinates":[[[-118.23248740795685,36.86714174973798],[-118.23286403454075,36.86712161782509],[-118.2324400364396,36.86712601574843],[-118.23248740795685,36.86714174973798]]]}},{"type":"Feature","properties":{"segment_id":325,"mask_origin":"sam_amg"},"geometry":{"type":"Polygon","coordinates":[[[-118.23413364636625,36.87198142816779],[-118.2341118017028,36.87187889504964],[-118.23394275525006,36.87183197474296],[-118.23398435635741,36.871907260639865],[-118.23413364636625,36.87198142816779]]]}},{"type":"Feature","properties":{"segment_id":326,"mask_origin":"sam_amg"},"geometry":{"type":"Polygon","coordinates":[[[-118.23323881630603,36.87117404647352],[-118.23316269465246,36.87104503431498],[-118.23306269374297,36.87110556464075],[-118.23313785906765,36.87117509415168],[-118.23323881630603,36.87117404647352]]]}},{"type":"Feature","properties":{"segment_id":327,"mask_origin":"sam_amg"},"geometry":{"type":"MultiPolygon","coordinates":[[[[-118.23250806080243,36.871360105827115],[-118.23229984962903,36.8713893072649],[-118.23223849329494,36.87134126771771],[-118.23250806080243,36.871360105827115]]],[[[-118.23269721000119,36.87140141124253],[-118.23260997413007,36.87141854140186],[-118.23259633933507,36.871407865986356],[-118.23269721000119,36.87140141124253]]]]}},{"type":"Feature","properties":{"segment_id":328,"mask_origin":"sam_amg"},"geometry":{"type":"Polygon","coordinates":[[[-118.22641899473655,36.86481400508273],[-118.22653883702027,36.8647316418124],[-118.22653831835599,36.86469919658059],[-118.22637058865708,36.864733378151215],[-118.22641899473655,36.86481400508273]]]}},{"type":"Feature","properties":{"segment_id":329,"mask_origin":"sam_amg"},"geometry":{"type":"Polygon","coordinates":[[[-118.23427832500657,36.871768997136094],[-118.23416173087594,36.87163499759609],[-118.23402738144257,36.87165261809271],[-118.2341905670728,36.871753683356566],[-118.23427832500657,36.871768997136094]]]}},{"type":"Feature","properties":{"segment_id":330,"mask_origin":"sam_amg"},"geometry":{"type":"MultiPolygon","coordinates":[[[[-118.23229121625766,36.87294702204842],[-118.23220241489584,36.87286681658576],[-118.23230224501029,36.87279547190743],[-118.23233685380494,36.87285460562854],[-118.23229121625766,36.87294702204842]]],[[[-118.23250790009729,36.8730259011254],[-118.23246734244059,36.87301550493848],[-118.23249348301579,36.8729665580351],[-118.23250790009729,36.8730259011254]]]]}},{"type":"Feature","properties":{"segment_id":331,"mask_origin":"sam_amg"},"geometry":{"type":"Polygon","coordinates":[[[-118.22591336903851,36.871504039173715],[-118.22604720175502,36.8714539826211],[-118.2259183711378,36.871395819064794],[-118.22591336903851,36.871504039173715]]]}},{"type":"Feature","properties":{"segment_id":332,"mask_origin":"sam_amg"},"geometry":{"type":"Polygon","coordinates":[[[-118.2272372430689,36.86589265250619],[-118.22737037314388,36.865799334324954],[-118.22722930208583,36.865817016498994],[-118.2272372430689,36.86589265250619]]]}},{"type":"Feature","properties":{"segment_id":333,"mask_origin":"sam_amg"},"geometry":{"type":"Polygon","coordinates":[[[-118.2274333478892,36.86552826243719],[-118.22756009317953,36.86545664370773],[-118.22743196373776,36.865441741859264],[-118.2274333478892,36.86552826243719]]]}},{"type":"Feature","properties":{"segment_id":334,"mask_origin":"sam_amg"},"geometry":{"type":"Polygon","coordinates":[[[-118.2321845624347,36.87133641851792],[-118.23218955567357,36.87122819830572],[-118.23200791929068,36.871235489984315],[-118.23202880557545,36.87127854081938],[-118.2321845624347,36.87133641851792]]]}},{"type":"Feature","properties":{"segment_id":335,"mask_origin":"sam_amg"},"geometry":{"type":"Polygon","coordinates":[[[-118.23311417980858,36.873052061818555],[-118.23324748860776,36.87296955209995],[-118.23311287580545,36.87297094905288],[-118.23311417980858,36.873052061818555]]]}},{"type":"Feature","properties":{"segment_id":336,"mask_origin":"sam_amg"},"geometry":{"type":"Polygon","coordinates":[[[-118.22942569212064,36.871824709215566],[-118.22952526352628,36.87173714425688],[-118.22938392215626,36.871738606585104],[-118.22942569212064,36.871824709215566]]]}},{"type":"Feature","properties":{"segment_id":337,"mask_origin":"sam_amg"},"geometry":{"type":"Polygon","coordinates":[[[-118.23489666880113,36.87296324208498],[-118.23500978359073,36.87288094025869],[-118.23486188388982,36.87289329411953],[-118.23489666880113,36.87296324208498]]]}},{"type":"Feature","properties":{"segment_id":338,"mask_origin":"sam_amg"},"geometry":{"type":"Polygon","coordinates":[[[-118.23221500093624,36.87113599128719],[-118.23237049701015,36.87117764618308],[-118.23234934994318,36.87111837284744],[-118.23221500093624,36.87113599128719]]]}},{"type":"Feature","properties":{"segment_id":339,"mask_origin":"sam_amg"},"geometry":{"type":"Polygon","coordinates":[[[-118.23486030780175,36.87028645203109],[-118.23494954409416,36.870393693127085],[-118.23499465463269,36.870268830636604],[-118.23486030780175,36.87028645203109]]]}},{"type":"Feature","properties":{"segment_id":340,"mask_origin":"sam_amg"},"geometry":{"type":"Polygon","coordinates":[[[-118.23652630298521,36.87216207508298],[-118.23665305029105,36.872090446686485],[-118.23652551844341,36.872113407479056],[-118.23652630298521,36.87216207508298]]]}},{"type":"Feature","properties":{"segment_id":341,"mask_origin":"sam_amg"},"geometry":{"type":"Polygon","coordinates":[[[-118.23135054778743,36.870961065504666],[-118.23136900311273,36.87085270581697],[-118.23131498584064,36.87084244869139],[-118.23124277349352,36.87095677378521],[-118.23135054778743,36.870961065504666]]]}},{"type":"Feature","properties":{"segment_id":342,"mask_origin":"sam_amg"},"geometry":{"type":"Polygon","coordinates":[[[-118.2286370159726,36.87049698538838],[-118.2287717978999,36.87050640864218],[-118.22879103637504,36.87044671704142],[-118.2286370159726,36.87049698538838]]]}},{"type":"Feature","properties":{"segment_id":343,"mask_origin":"sam_amg"},"geometry":{"type":"MultiPolygon","coordinates":[[[[-118.22981755266036,36.86981412928003],[-118.22970261623915,36.86978286814582],[-118.22978277384914,36.8697441796793],[-118.22981755266036,36.86981412928003]]],[[[-118.22999280242857,36.86982854077661],[-118.22995189998892,36.8697965135799],[-118.22997873476575,36.86979082741096],[-118.22999280242857,36.86982854077661]]]]}},{"type":"Feature","properties":{"segment_id":344,"mask_origin":"sam_amg"},"geometry":{"type":"Polygon","coordinates":[[[-118.22619820042456,36.8712144539067],[-118.22635343426137,36.87123989413444],[-118.22636620365382,36.87119649495274],[-118.22619820042456,36.8712144539067]]]}},{"type":"Feature","properties":{"segment_id":345,"mask_origin":"sam_amg"},"geometry":{"type":"Polygon","coordinates":[[[-118.23259827694588,36.8694337717229],[-118.23275177111061,36.86935105318917],[-118.23276444968192,36.86930224585728],[-118.23259653923174,36.86932562128141],[-118.23259827694588,36.8694337717229]]]}},{"type":"Feature","properties":{"segment_id":346,"mask_origin":"sam_amg"},"geometry":{"type":"Polygon","coordinates":[[[-118.23543047922892,36.873087495564896],[-118.23561850171957,36.87305849854511],[-118.23541614697912,36.87303356038497],[-118.23543047922892,36.873087495564896]]]}},{"type":"Feature","properties":{"segment_id":347,"mask_origin":"sam_amg"},"geometry":{"type":"Polygon","coordinates":[[[-118.22754641626618,36.87217405089606],[-118.22766791297202,36.87219442946075],[-118.22767360498851,36.87212946957181],[-118.22754641626618,36.87217405089606]]]}},{"type":"Feature","properties":{"segment_id":348,"mask_origin":"sam_amg"},"geometry":{"type":"Polygon","coordinates":[[[-118.23337339034589,36.871589098229514],[-118.23351499210042,36.8716038537165],[-118.23352076608461,36.87154430115181],[-118.23337339034589,36.871589098229514]]]}},{"type":"Feature","properties":{"segment_id":349,"mask_origin":"sam_amg"},"geometry":{"type":"Polygon","coordinates":[[[-118.2303340295888,36.86508181862448],[-118.23043385156168,36.86501047557961],[-118.23031279918949,36.86501713727602],[-118.2303340295888,36.86508181862448]]]}},{"type":"Feature","properties":{"segment_id":350,"mask_origin":"sam_amg"},"geometry":{"type":"Polygon","coordinates":[[[-118.23475883211621,36.87150980954642],[-118.2347639087687,36.87140699681206],[-118.23472929880828,36.87134786380636],[-118.23467719562909,36.871456573576076],[-118.23475883211621,36.87150980954642]]]}},{"type":"Feature","properties":{"segment_id":351,"mask_origin":"sam_amg"},"geometry":{"type":"Polygon","coordinates":[[[-118.23227957124834,36.87138410912803],[-118.23250823457379,36.87137092086802],[-118.23224539752873,36.87135201296783],[-118.23227957124834,36.87138410912803]]]}},{"type":"Feature","properties":{"segment_id":352,"mask_origin":"sam_amg"},"geometry":{"type":"Polygon","coordinates":[[[-118.2345897281007,36.87104103395307],[-118.23470310156969,36.8709749549884],[-118.23459506606139,36.870954443764084],[-118.2345897281007,36.87104103395307]]]}},{"type":"Feature","properties":{"segment_id":353,"mask_origin":"sam_amg"},"geometry":{"type":"MultiPolygon","coordinates":[[[[-118.23468877026633,36.87092101968516],[-118.2346548568768,36.87090514677979],[-118.2346952396076,36.87090472720601],[-118.23468877026633,36.87092101968516]]],[[[-118.23470371084434,36.871012807602575],[-118.23456857937067,36.87098176104215],[-118.23466219658462,36.870942929467],[-118.23470371084434,36.871012807602575]]]]}},{"type":"Feature","properties":{"segment_id":354,"mask_origin":"sam_amg"},"geometry":{"type":"Polygon","coordinates":[[[-118.23340820868992,36.871242597896604],[-118.23349448766528,36.87116598445319],[-118.2334804180284,36.87112827154687],[-118.23337954780581,36.87113472694803],[-118.23340820868992,36.871242597896604]]]}},{"type":"Feature","properties":{"segment_id":355,"mask_origin":"sam_amg"},"geometry":{"type":"Polygon","coordinates":[[[-118.22848390487731,36.866820838457286],[-118.22861073785242,36.86675462613375],[-118.22850969966397,36.8667502622413],[-118.22848390487731,36.866820838457286]]]}},{"type":"Feature","properties":{"segment_id":356,"mask_origin":"sam_amg"},"geometry":{"type":"Polygon","coordinates":[[[-118.23286976957823,36.871248185299024],[-118.2330035970885,36.87119812100092],[-118.2328888311907,36.871177678057926],[-118.23286976957823,36.871248185299024]]]}},{"type":"Feature","properties":{"segment_id":357,"mask_origin":"sam_amg"},"geometry":{"type":"Polygon","coordinates":[[[-118.22816844644773,36.873184407174726],[-118.2281938105642,36.873086793418224],[-118.2282136561995,36.87306495460971],[-118.2280801685019,36.87313664372645],[-118.22816844644773,36.873184407174726]]]}},{"type":"Feature","properties":{"segment_id":358,"mask_origin":"sam_amg"},"geometry":{"type":"Polygon","coordinates":[[[-118.22507162914076,36.86516322473521],[-118.22521986130754,36.865172513454326],[-118.22523944675888,36.865134452513544],[-118.22507162914076,36.86516322473521]]]}},{"type":"Feature","properties":{"segment_id":359,"mask_origin":"sam_amg"},"geometry":{"type":"Polygon","coordinates":[[[-118.230099434795,36.865143739814435],[-118.23021910011713,36.865050557838366],[-118.23009235805038,36.86512217935065],[-118.230099434795,36.865143739814435]]]}},{"type":"Feature","properties":{"segment_id":360,"mask_origin":"sam_amg"},"geometry":{"type":"Polygon","coordinates":[[[-118.22755922421628,36.872974365249185],[-118.2277131637412,36.87291869068635],[-118.22754541674315,36.87295287419079],[-118.22755922421628,36.872974365249185]]]}},{"type":"Feature","properties":{"segment_id":361,"mask_origin":"sam_amg"},"geometry":{"type":"Polygon","coordinates":[[[-118.23033150594884,36.871220407859404],[-118.23047983703397,36.8712350973042],[-118.23045834443904,36.871154193506705],[-118.23033150594884,36.871220407859404]]]}},{"type":"Feature","properties":{"segment_id":362,"mask_origin":"sam_amg"},"geometry":{"type":"Polygon","coordinates":[[[-118.23260509416362,36.86943910943573],[-118.23262328674433,36.86931452699934],[-118.23252828032531,36.869266836604325],[-118.23257600073003,36.86930420061713],[-118.23260509416362,36.86943910943573]]]}},{"type":"Feature","properties":{"segment_id":363,"mask_origin":"sam_amg"},"geometry":{"type":"Polygon","coordinates":[[[-118.228254333576,36.870560434021655],[-118.22857557600284,36.87044353635785],[-118.22857540279169,36.870432721299274],[-118.228254333576,36.870560434021655]]]}},{"type":"Feature","properties":{"segment_id":364,"mask_origin":"sam_amg"},"geometry":{"type":"Polygon","coordinates":[[[-118.22859386194425,36.870324361963156],[-118.22874158470229,36.87030120091414],[-118.22871405672925,36.870263626575024],[-118.22859386194425,36.870324361963156]]]}},{"type":"Feature","properties":{"segment_id":365,"mask_origin":"sam_amg"},"geometry":{"type":"Polygon","coordinates":[[[-118.23458964106932,36.871035626436566],[-118.23468955360904,36.87096968733263],[-118.2345817792031,36.87096539864554],[-118.23458964106932,36.871035626436566]]]}},{"type":"Feature","properties":{"segment_id":366,"mask_origin":"sam_amg"},"geometry":{"type":"Polygon","coordinates":[[[-118.22891926788184,36.86920686168879],[-118.2290331635277,36.8691732332518],[-118.22895205320346,36.86915243838588],[-118.22891926788184,36.86920686168879]]]}},{"type":"Feature","properties":{"segment_id":367,"mask_origin":"sam_amg"},"geometry":{"type":"Polygon","coordinates":[[[-118.2269373880741,36.86524132866047],[-118.22705067343344,36.8651698494336],[-118.2269165063619,36.865198276804584],[-118.2269373880741,36.86524132866047]]]}},{"type":"Feature","properties":{"segment_id":368,"mask_origin":"sam_amg"},"geometry":{"type":"Polygon","coordinates":[[[-118.22943224932915,36.871813824529625],[-118.22952543687951,36.871747959309204],[-118.2294109309913,36.87174373558575],[-118.22943224932915,36.871813824529625]]]}},{"type":"Feature","properties":{"segment_id":369,"mask_origin":"sam_amg"},"geometry":{"type":"Polygon","coordinates":[[[-118.2297032230204,36.86982072083885],[-118.22981021545442,36.86977634624043],[-118.22974912202035,36.86974452792481],[-118.2297032230204,36.86982072083885]]]}},{"type":"Feature","properties":{"segment_id":370,"mask_origin":"sam_amg"},"geometry":{"type":"Polygon","coordinates":[[[-118.22853236011741,36.870687362244986],[-118.22867395943584,36.87070212355151],[-118.22867335314301,36.870664270849474],[-118.22853236011741,36.870687362244986]]]}},{"type":"Feature","properties":{"segment_id":371,"mask_origin":"sam_amg"},"geometry":{"type":"Polygon","coordinates":[[[-118.22645791015879,36.87061684697976],[-118.22657940412861,36.87063722671351],[-118.22655852106016,36.87059417485636],[-118.22645791015879,36.87061684697976]]]}},{"type":"Feature","properties":{"segment_id":372,"mask_origin":"sam_amg"},"geometry":{"type":"Polygon","coordinates":[[[-118.23342822625345,36.87123157328418],[-118.23349413984721,36.87114435437869],[-118.23339947839817,36.87111829482185],[-118.23337333900301,36.87116724191708],[-118.23342822625345,36.87123157328418]]]}},{"type":"Feature","properties":{"segment_id":373,"mask_origin":"sam_amg"},"geometry":{"type":"Polygon","coordinates":[[[-118.23440458171193,36.87124847732347],[-118.23453849519944,36.87120381883168],[-118.23439689402382,36.87118906455344],[-118.23440458171193,36.87124847732347]]]}},{"type":"Feature","properties":{"segment_id":374,"mask_origin":"sam_amg"},"geometry":{"type":"Polygon","coordinates":[[[-118.22744317446809,36.86530100689723],[-118.22754334554413,36.865251296373096],[-118.22742884941862,36.86524707055414],[-118.22744317446809,36.86530100689723]]]}},{"type":"Feature","properties":{"segment_id":375,"mask_origin":"sam_amg"},"geometry":{"type":"Polygon","coordinates":[[[-118.23101623218624,36.87152159672067],[-118.23111614850538,36.871455660558354],[-118.23100828674244,36.871445961115796],[-118.23101623218624,36.87152159672067]]]}},{"type":"Feature","properties":{"segment_id":376,"mask_origin":"sam_amg"},"geometry":{"type":"Polygon","coordinates":[[[-118.22807440660529,36.86857199292351],[-118.22817484118201,36.8685385044183],[-118.22806637788194,36.868490949493896],[-118.22807440660529,36.86857199292351]]]}},{"type":"Feature","properties":{"segment_id":377,"mask_origin":"sam_amg"},"geometry":{"type":"MultiPolygon","coordinates":[[[[-118.22654896477434,36.871259509815324],[-118.22646759347425,36.871222490690464],[-118.22655500355552,36.871216180084545],[-118.22654896477434,36.871259509815324]]],[[[-118.22653723305267,36.87136779940575],[-118.22646345675061,36.87138478613845],[-118.2264628515334,36.87134693340938],[-118.22653723305267,36.87136779940575]]]]}},{"type":"Feature","properties":{"segment_id":378,"mask_origin":"sam_amg"},"geometry":{"type":"Polygon","coordinates":[[[-118.2293931923853,36.866016396446476],[-118.22934460912853,36.86592495575058],[-118.22928429876535,36.8659418049029],[-118.22928542510533,36.866012102817784],[-118.2293931923853,36.866016396446476]]]}},{"type":"Feature","properties":{"segment_id":379,"mask_origin":"sam_amg"},"geometry":{"type":"Polygon","coordinates":[[[-118.23417997105975,36.873187024620954],[-118.2342868784116,36.87313723846167],[-118.23417910096822,36.87313294946692],[-118.23417997105975,36.873187024620954]]]}},{"type":"Feature","properties":{"segment_id":380,"mask_origin":"sam_amg"},"geometry":{"type":"Polygon","coordinates":[[[-118.23543039213183,36.87308208805196],[-118.23552375011258,36.87302703323341],[-118.23541614697912,36.87303356038497],[-118.23543039213183,36.87308208805196]]]}},{"type":"Feature","properties":{"segment_id":381,"mask_origin":"sam_amg"},"geometry":{"type":"Polygon","coordinates":[[[-118.23469880679434,36.86987168169456],[-118.23493393427563,36.86984219637431],[-118.23469845865306,36.869850051625136],[-118.23469880679434,36.86987168169456]]]}},{"type":"Feature","properties":{"segment_id":382,"mask_origin":"sam_amg"},"geometry":{"type":"Polygon","coordinates":[[[-118.23338012086434,36.87158902837295],[-118.23349506141018,36.87162028586264],[-118.2335077398399,36.87157147847148],[-118.23338012086434,36.87158902837295]]]}},{"type":"Feature","properties":{"segment_id":383,"mask_origin":"sam_amg"},"geometry":{"type":"Polygon","coordinates":[[[-118.2336155150664,36.871575768117694],[-118.23372355121828,36.871596280219215],[-118.23370257692866,36.87154782218569],[-118.2336155150664,36.871575768117694]]]}},{"type":"Feature","properties":{"segment_id":384,"mask_origin":"sam_amg"},"geometry":{"type":"Polygon","coordinates":[[[-118.23363692414001,36.87165126375674],[-118.23373019476392,36.87159080282507],[-118.23372984687401,36.871569172754036],[-118.23362862823849,36.871553998304904],[-118.23363692414001,36.87165126375674]]]}},{"type":"Feature","properties":{"segment_id":385,"mask_origin":"sam_amg"},"geometry":{"type":"Polygon","coordinates":[[[-118.23387149365655,36.86991272514947],[-118.23400015356152,36.86996006499375],[-118.2340263791515,36.86991652528457],[-118.23387149365655,36.86991272514947]]]}},{"type":"Feature","properties":{"segment_id":386,"mask_origin":"sam_amg"},"geometry":{"type":"Polygon","coordinates":[[[-118.22489772663023,36.869448493435314],[-118.22495018789641,36.86936141783831],[-118.22485630843403,36.86938401921313],[-118.22489772663023,36.869448493435314]]]}},{"type":"Feature","properties":{"segment_id":387,"mask_origin":"sam_amg"},"geometry":{"type":"Polygon","coordinates":[[[-118.2274093691586,36.86571239670072],[-118.22754396951511,36.865711006440954],[-118.2275500939038,36.86567308417411],[-118.2274093691586,36.86571239670072]]]}},{"type":"Feature","properties":{"segment_id":388,"mask_origin":"sam_amg"},"geometry":{"type":"Polygon","coordinates":[[[-118.2250739140848,36.8686786805006],[-118.22516805170035,36.86867230158172],[-118.2250865111121,36.86862446635659],[-118.2250739140848,36.8686786805006]]]}},{"type":"Feature","properties":{"segment_id":389,"mask_origin":"sam_amg"},"geometry":{"type":"Polygon","coordinates":[[[-118.22646102262148,36.87081151817948],[-118.22656819131069,36.87077796151387],[-118.22649329160141,36.87072465032509],[-118.22646102262148,36.87081151817948]]]}},{"type":"Feature","properties":{"segment_id":390,"mask_origin":"sam_amg"},"geometry":{"type":"Polygon","coordinates":[[[-118.23312207547464,36.86977447663312],[-118.23317617913641,36.86979014046892],[-118.23326271755715,36.86972974976288],[-118.23312207547464,36.86977447663312]]]}},{"type":"Feature","properties":{"segment_id":391,"mask_origin":"sam_amg"},"geometry":{"type":"Polygon","coordinates":[[[-118.22971002971794,36.873184689562294],[-118.22979674809415,36.87313511634207],[-118.2298161597704,36.873086239652494],[-118.22969518129369,36.873098308471754],[-118.22971002971794,36.873184689562294]]]}},{"type":"Feature","properties":{"segment_id":392,"mask_origin":"sam_amg"},"geometry":{"type":"Polygon","coordinates":[[[-118.23012600784769,36.86512183104516],[-118.23023264672831,36.86505582603402],[-118.23011867100531,36.86508404798992],[-118.23012600784769,36.86512183104516]]]}},{"type":"Feature","properties":{"segment_id":393,"mask_origin":"sam_amg"},"geometry":{"type":"Polygon","coordinates":[[[-118.22748503548166,36.86960027469795],[-118.22759962464762,36.86960990787192],[-118.2275920289522,36.86955590207734],[-118.22748503548166,36.86960027469795]]]}},{"type":"Feature","properties":{"segment_id":394,"mask_origin":"sam_amg"},"geometry":{"type":"Polygon","coordinates":[[[-118.22907611280652,36.87017334768395],[-118.22916947201067,36.87011829781295],[-118.22910164815912,36.87008654878203],[-118.22907611280652,36.87017334768395]]]}},{"type":"Feature","properties":{"segment_id":395,"mask_origin":"sam_amg"},"geometry":{"type":"Polygon","coordinates":[[[-118.23365090698942,36.87168356912025],[-118.23375177790304,36.871677113476366],[-118.23374417764053,36.871623108177424],[-118.23365090698942,36.87168356912025]]]}},{"type":"Feature","properties":{"segment_id":396,"mask_origin":"sam_amg"},"geometry":{"type":"Polygon","coordinates":[[[-118.2351337030433,36.87054321495434],[-118.2352132490771,36.870466670254636],[-118.235119545662,36.870500094735156],[-118.2351337030433,36.87054321495434]]]}},{"type":"Feature","properties":{"segment_id":397,"mask_origin":"sam_amg"},"geometry":{"type":"Polygon","coordinates":[[[-118.2296623882516,36.87189256965608],[-118.2297695569546,36.8718590101069],[-118.2296682519349,36.87183842475155],[-118.2296623882516,36.87189256965608]]]}},{"type":"Feature","properties":{"segment_id":398,"mask_origin":"sam_amg"},"geometry":{"type":"Polygon","coordinates":[[[-118.22754011837205,36.872201158072144],[-118.22764746157694,36.87217841547301],[-118.22764029826678,36.87215144735782],[-118.22754011837205,36.872201158072144]]]}},{"type":"Feature","properties":{"segment_id":399,"mask_origin":"sam_amg"},"geometry":{"type":"Polygon","coordinates":[[[-118.23244696500856,36.87132828895103],[-118.23255395786241,36.8712839118834],[-118.2324462699593,36.87128502878603],[-118.23244696500856,36.87132828895103]]]}},{"type":"Feature","properties":{"segment_id":400,"mask_origin":"sam_amg"},"geometry":{"type":"Polygon","coordinates":[[[-118.22728613709492,36.871473644164695],[-118.22735231753799,36.87140265113],[-118.22729786776898,36.871365354521394],[-118.22728613709492,36.871473644164695]]]}},{"type":"Feature","properties":{"segment_id":401,"mask_origin":"sam_amg"},"geometry":{"type":"Polygon","coordinates":[[[-118.22963939184365,36.871297881082015],[-118.22975407045455,36.87131291964987],[-118.22974690649683,36.871285951670025],[-118.22963939184365,36.871297881082015]]]}},{"type":"Feature","properties":{"segment_id":402,"mask_origin":"sam_amg"},"geometry":{"type":"Polygon","coordinates":[[[-118.23294844946543,36.87111756687097],[-118.23302851982955,36.87107346870808],[-118.23292057149962,36.87105836347562],[-118.23294844946543,36.87111756687097]]]}},{"type":"Feature","properties":{"segment_id":403,"mask_origin":"sam_amg"},"geometry":{"type":"Polygon","coordinates":[[[-118.23368454528315,36.872937973367286],[-118.23376479103845,36.87290468972716],[-118.23365019633407,36.87289506260968],[-118.23368454528315,36.872937973367286]]]}},{"type":"Feature","properties":{"segment_id":404,"mask_origin":"sam_amg"},"geometry":{"type":"Polygon","coordinates":[[[-118.23255676547913,36.86936389278217],[-118.2326380507126,36.8693955002084],[-118.23260283512415,36.869298513861885],[-118.23255676547913,36.86936389278217]]]}},{"type":"Feature","properties":{"segment_id":405,"mask_origin":"sam_amg"},"geometry":{"type":"Polygon","coordinates":[[[-118.23275908808698,36.87148189566522],[-118.23283208079654,36.871416237370276],[-118.23274467113649,36.87142255258853],[-118.23275908808698,36.87148189566522]]]}},{"type":"Feature","properties":{"segment_id":406,"mask_origin":"sam_amg"},"geometry":{"type":"Polygon","coordinates":[[[-118.22588390089726,36.86586876148262],[-118.22596388365899,36.865819260529626],[-118.22586276039053,36.86580948682131],[-118.22588390089726,36.86586876148262]]]}},{"type":"Feature","properties":{"segment_id":407,"mask_origin":"sam_amg"},"geometry":{"type":"Polygon","coordinates":[[[-118.22748492462439,36.8670691319531],[-118.22755826394248,36.86702510698251],[-118.22748362685513,36.866988018933974],[-118.22748492462439,36.8670691319531]]]}},{"type":"Feature","properties":{"segment_id":408,"mask_origin":"sam_amg"},"geometry":{"type":"Polygon","coordinates":[[[-118.22647149760093,36.871887686658],[-118.22655795729207,36.87182189318298],[-118.22650385345075,36.8718062263403],[-118.22647149760093,36.871887686658]]]}},{"type":"Feature","properties":{"segment_id":409,"mask_origin":"sam_amg"},"geometry":{"type":"Polygon","coordinates":[[[-118.22803220828092,36.86677683110972],[-118.22812030564104,36.86681377971222],[-118.22811952658311,36.866765111910375],[-118.22803220828092,36.86677683110972]]]}},{"type":"Feature","properties":{"segment_id":410,"mask_origin":"sam_amg"},"geometry":{"type":"Polygon","coordinates":[[[-118.23058399195494,36.86513872326516],[-118.23064369424552,36.865084020758225],[-118.23058277773094,36.86506301784412],[-118.23058399195494,36.86513872326516]]]}},{"type":"Feature","properties":{"segment_id":411,"mask_origin":"sam_amg"},"geometry":{"type":"Polygon","coordinates":[[[-118.23393570927641,36.87139396584131],[-118.23401586632966,36.87135527453766],[-118.2339478654687,36.87131271330193],[-118.23393570927641,36.87139396584131]]]}},{"type":"Feature","properties":{"segment_id":412,"mask_origin":"sam_amg"},"geometry":{"type":"Polygon","coordinates":[[[-118.23322135632692,36.87092544028215],[-118.23330142633142,36.870881341940574],[-118.233227391308,36.87088211028009],[-118.23322135632692,36.87092544028215]]]}},{"type":"Feature","properties":{"segment_id":413,"mask_origin":"sam_amg"},"geometry":{"type":"Polygon","coordinates":[[[-118.23648949355146,36.87238420326271],[-118.23659053942994,36.8723885602194],[-118.2365762065131,36.872334625185914],[-118.23648949355146,36.87238420326271]]]}},{"type":"Feature","properties":{"segment_id":414,"mask_origin":"sam_amg"},"geometry":{"type":"Polygon","coordinates":[[[-118.23305344249522,36.87094881640895],[-118.23314050386897,36.870920870895304],[-118.23306612110859,36.87090000905638],[-118.23305344249522,36.87094881640895]]]}},{"type":"Feature","properties":{"segment_id":415,"mask_origin":"sam_amg"},"geometry":{"type":"Polygon","coordinates":[[[-118.23303758460936,36.87331246076991],[-118.23310384810831,36.873246872139795],[-118.23301695795945,36.87328563270034],[-118.23303758460936,36.87331246076991]]]}},{"type":"Feature","properties":{"segment_id":416,"mask_origin":"sam_amg"},"geometry":{"type":"Polygon","coordinates":[[[-118.23443588457346,36.87110212479708],[-118.23453623247214,36.8710632234021],[-118.23444200589869,36.87106420226381],[-118.23443588457346,36.87110212479708]]]}},{"type":"Feature","properties":{"segment_id":417,"mask_origin":"sam_amg"},"geometry":{"type":"Polygon","coordinates":[[[-118.23152714834715,36.87064013851012],[-118.23158685412118,36.87058543551212],[-118.23151273252245,36.87058079525516],[-118.23152714834715,36.87064013851012]]]}},{"type":"Feature","properties":{"segment_id":418,"mask_origin":"sam_amg"},"geometry":{"type":"Polygon","coordinates":[[[-118.22577430247063,36.864907191327504],[-118.22584772716496,36.86486857495695],[-118.22577369773566,36.86486933854733],[-118.22577430247063,36.864907191327504]]]}},{"type":"Feature","properties":{"segment_id":419,"mask_origin":"sam_amg"},"geometry":{"type":"Polygon","coordinates":[[[-118.23361586292417,36.87159739818964],[-118.23372984687401,36.871569172754036],[-118.23362862823849,36.871553998304904],[-118.23361586292417,36.87159739818964]]]}},{"type":"Feature","properties":{"segment_id":420,"mask_origin":"sam_amg"},"geometry":{"type":"Polygon","coordinates":[[[-118.23387783123319,36.87156222786106],[-118.23392381401823,36.87149144093119],[-118.23386289151469,36.871470439831775],[-118.23387783123319,36.87156222786106]]]}},{"type":"Feature","properties":{"segment_id":421,"mask_origin":"sam_amg"},"geometry":{"type":"Polygon","coordinates":[[[-118.23159359300575,36.86890875437525],[-118.23168143402438,36.86892947767425],[-118.23168773021307,36.86890237029605],[-118.23159359300575,36.86890875437525]]]}},{"type":"Feature","properties":{"segment_id":422,"mask_origin":"sam_amg"},"geometry":{"type":"Polygon","coordinates":[[[-118.23316002369305,36.86962264701326],[-118.23325398774342,36.86960544663891],[-118.2331391372566,36.86957959636871],[-118.23316002369305,36.86962264701326]]]}},{"type":"Feature","properties":{"segment_id":423,"mask_origin":"sam_amg"},"geometry":{"type":"Polygon","coordinates":[[[-118.2275308205651,36.87077883851607],[-118.2276041633423,36.870734813479146],[-118.22747628463412,36.870736134447625],[-118.2275308205651,36.87077883851607]]]}},{"type":"Feature","properties":{"segment_id":424,"mask_origin":"sam_amg"},"geometry":{"type":"Polygon","coordinates":[[[-118.22619938163537,36.86707699495333],[-118.22626573228835,36.86701681759805],[-118.22620507464151,36.86701203506405],[-118.22619938163537,36.86707699495333]]]}},{"type":"Feature","properties":{"segment_id":425,"mask_origin":"sam_amg"},"geometry":{"type":"Polygon","coordinates":[[[-118.23597570391892,36.87224892942947],[-118.2360491302185,36.872210306766625],[-118.23597483259128,36.87219485430353],[-118.23597570391892,36.87224892942947]]]}},{"type":"Feature","properties":{"segment_id":426,"mask_origin":"sam_amg"},"geometry":{"type":"Polygon","coordinates":[[[-118.22635402896822,36.864960703129334],[-118.22641364776499,36.86490059515436],[-118.2263463482701,36.86490128965027],[-118.22635402896822,36.864960703129334]]]}},{"type":"Feature","properties":{"segment_id":427,"mask_origin":"sam_amg"},"geometry":{"type":"Polygon","coordinates":[[[-118.23343439976954,36.87161550709856],[-118.23351429644197,36.87156059357093],[-118.23340695598816,36.87158334142455],[-118.23343439976954,36.87161550709856]]]}},{"type":"Feature","properties":{"segment_id":428,"mask_origin":"sam_amg"},"geometry":{"type":"Polygon","coordinates":[[[-118.23273828823946,36.87144425248849],[-118.23278461964212,36.871395096059544],[-118.2327245665212,36.871428169568226],[-118.23273828823946,36.87144425248849]]]}},{"type":"Feature","properties":{"segment_id":429,"mask_origin":"sam_amg"},"geometry":{"type":"Polygon","coordinates":[[[-118.23390560164117,36.870777718469085],[-118.23398610602665,36.87076065726546],[-118.23397203622979,36.87072294441793],[-118.23390560164117,36.870777718469085]]]}},{"type":"Feature","properties":{"segment_id":430,"mask_origin":"sam_amg"},"geometry":{"type":"Polygon","coordinates":[[[-118.22918989291034,36.87097261761368],[-118.22923613969691,36.87091805500033],[-118.22918893975562,36.870913134810316],[-118.22918989291034,36.87097261761368]]]}},{"type":"Feature","properties":{"segment_id":431,"mask_origin":"sam_amg"},"geometry":{"type":"Polygon","coordinates":[[[-118.23118322807254,36.868085517597336],[-118.23125769439059,36.86811178821059],[-118.23126390388319,36.8680792733237],[-118.23118322807254,36.868085517597336]]]}},{"type":"Feature","properties":{"segment_id":432,"mask_origin":"sam_amg"},"geometry":{"type":"Polygon","coordinates":[[[-118.23349314838279,36.87150132046093],[-118.23356080132743,36.87152225188456],[-118.2335803841317,36.871484189655305],[-118.23349314838279,36.87150132046093]]]}},{"type":"Feature","properties":{"segment_id":433,"mask_origin":"sam_amg"},"geometry":{"type":"Polygon","coordinates":[[[-118.2326978416276,36.86934620419545],[-118.23271698987017,36.869281104487605],[-118.23267695552794,36.869303153461495],[-118.2326978416276,36.86934620419545]]]}},{"type":"Feature","properties":{"segment_id":434,"mask_origin":"sam_amg"},"geometry":{"type":"Polygon","coordinates":[[[-118.23464954868355,36.87183004181378],[-118.23470934012961,36.87178074479717],[-118.23464203480965,36.871781444101345],[-118.23464954868355,36.87183004181378]]]}},{"type":"Feature","properties":{"segment_id":435,"mask_origin":"sam_amg"},"geometry":{"type":"Polygon","coordinates":[[[-118.23312268394271,36.869812329277515],[-118.23317591835314,36.869773917907324],[-118.23312207547464,36.86977447663312],[-118.23312268394271,36.869812329277515]]]}},{"type":"Feature","properties":{"segment_id":436,"mask_origin":"sam_amg"},"geometry":{"type":"Polygon","coordinates":[[[-118.23464937460741,36.87181922678245],[-118.23470934012961,36.87178074479717],[-118.23464194777227,36.87177603658563],[-118.23464937460741,36.87181922678245]]]}},{"type":"Feature","properties":{"segment_id":437,"mask_origin":"sam_amg"},"geometry":{"type":"Polygon","coordinates":[[[-118.22852268518253,36.870503575831165],[-118.22858256625123,36.87045968936262],[-118.2285155217394,36.870476607764104],[-118.22852268518253,36.870503575831165]]]}},{"type":"Feature","properties":{"segment_id":438,"mask_origin":"sam_amg"},"geometry":{"type":"Polygon","coordinates":[[[-118.23177166408576,36.86867975493258],[-118.23179728274938,36.86859836302001],[-118.23177700514357,36.8685931647807],[-118.23177166408576,36.86867975493258]]]}},{"type":"Feature","properties":{"segment_id":439,"mask_origin":"sam_amg"},"geometry":{"type":"Polygon","coordinates":[[[-118.23294873743397,36.8698790352216],[-118.2330220761599,36.86983500690729],[-118.23294157250689,36.86985206744633],[-118.23294873743397,36.8698790352216]]]}},{"type":"Feature","properties":{"segment_id":440,"mask_origin":"sam_amg"},"geometry":{"type":"Polygon","coordinates":[[[-118.22993306391739,36.869461386208364],[-118.22999993380704,36.869433651971725],[-118.22994565760821,36.869407171617205],[-118.22993306391739,36.869461386208364]]]}},{"type":"Feature","properties":{"segment_id":441,"mask_origin":"sam_amg"},"geometry":{"type":"Polygon","coordinates":[[[-118.23288724664089,36.86940373197692],[-118.23294747195001,36.86938147344835],[-118.23286627351472,36.86935527375736],[-118.23288724664089,36.86940373197692]]]}},{"type":"Feature","properties":{"segment_id":442,"mask_origin":"sam_amg"},"geometry":{"type":"Polygon","coordinates":[[[-118.23274821670616,36.869967650277076],[-118.23274708703165,36.86989735250064],[-118.2326935916344,36.86991954111934],[-118.23274821670616,36.869967650277076]]]}},{"type":"Feature","properties":{"segment_id":443,"mask_origin":"sam_amg"},"geometry":{"type":"Polygon","coordinates":[[[-118.22648847667327,36.871265542556934],[-118.22654827305254,36.87121624955399],[-118.22650107306913,36.87121132829665],[-118.22648847667327,36.871265542556934]]]}},{"type":"Feature","properties":{"segment_id":444,"mask_origin":"sam_amg"},"geometry":{"type":"Polygon","coordinates":[[[-118.23385694383803,36.871519177373706],[-118.23392372703238,36.87148603341374],[-118.23385624798892,36.87147591723308],[-118.23385694383803,36.871519177373706]]]}},{"type":"Feature","properties":{"segment_id":445,"mask_origin":"sam_amg"},"geometry":{"type":"Polygon","coordinates":[[[-118.22754428148936,36.87077869946691],[-118.22759070242604,36.87073495253494],[-118.22751675391685,36.8707411248457],[-118.22754428148936,36.87077869946691]]]}},{"type":"Feature","properties":{"segment_id":446,"mask_origin":"sam_amg"},"geometry":{"type":"Polygon","coordinates":[[[-118.23411087626367,36.87140296366173],[-118.23417774624782,36.87137522707935],[-118.23409007578199,36.87136532073305],[-118.23411087626367,36.87140296366173]]]}},{"type":"Feature","properties":{"segment_id":447,"mask_origin":"sam_amg"},"geometry":{"type":"Polygon","coordinates":[[[-118.23144665510927,36.86898058663313],[-118.23147952533104,36.86893157019052],[-118.23142594341454,36.86894835071153],[-118.23144665510927,36.86898058663313]]]}},{"type":"Feature","properties":{"segment_id":448,"mask_origin":"sam_amg"},"geometry":{"type":"Polygon","coordinates":[[[-118.2323139146979,36.8705887149475],[-118.23237492296668,36.87061512438642],[-118.23238794946366,36.87058794718223],[-118.2323139146979,36.8705887149475]]]}},{"type":"Feature","properties":{"segment_id":449,"mask_origin":"sam_amg"},"geometry":{"type":"MultiPolygon","coordinates":[[[[-118.23287500266082,36.86947957692711],[-118.23282159449204,36.86950717312035],[-118.23282142068827,36.869496358077335],[-118.23287500266082,36.86947957692711]]],[[[-118.23291013177244,36.8695711556609],[-118.23288260205722,36.869533582315974],[-118.23291642757121,36.86954404822753],[-118.23291013177244,36.8695711556609]]]]}},{"type":"Feature","properties":{"segment_id":450,"mask_origin":"sam_amg"},"geometry":{"type":"Polygon","coordinates":[[[-118.23223301495756,36.869323982873674],[-118.23228038780509,36.869339716915746],[-118.2322458675778,36.869285990636655],[-118.23223301495756,36.869323982873674]]]}},{"type":"Feature","properties":{"segment_id":451,"mask_origin":"sam_amg"},"geometry":{"type":"Polygon","coordinates":[[[-118.23223970620072,36.87057866762328],[-118.23230727113358,36.87059419226362],[-118.23230001948843,36.87056181692829],[-118.23223970620072,36.87057866762328]]]}},{"type":"Feature","properties":{"segment_id":452,"mask_origin":"sam_amg"},"geometry":{"type":"Polygon","coordinates":[[[-118.23464946164549,36.871824634298115],[-118.23470260959769,36.871780814729306],[-118.23464876534175,36.871781374172635],[-118.23464946164549,36.871824634298115]]]}},{"type":"Feature","properties":{"segment_id":453,"mask_origin":"sam_amg"},"geometry":{"type":"Polygon","coordinates":[[[-118.22630892670006,36.87182446334086],[-118.22636303051706,36.871840130272744],[-118.2263626847011,36.871818500142716],[-118.22630892670006,36.87182446334086]]]}},{"type":"Feature","properties":{"segment_id":454,"mask_origin":"sam_amg"},"geometry":{"type":"Polygon","coordinates":[[[-118.2336614981042,36.87150498128484],[-118.23371490733048,36.871477384702985],[-118.23364751528511,36.8714726759211],[-118.2336614981042,36.87150498128484]]]}},{"type":"Feature","properties":{"segment_id":455,"mask_origin":"sam_amg"},"geometry":{"type":"Polygon","coordinates":[[[-118.23263705505285,36.86975246645967],[-118.23270383727761,36.86971932319444],[-118.23263670749432,36.86973083637302],[-118.23263705505285,36.86975246645967]]]}},{"type":"Feature","properties":{"segment_id":456,"mask_origin":"sam_amg"},"geometry":{"type":"Polygon","coordinates":[[[-118.23363254169824,36.87179733660935],[-118.23367283794511,36.87179150985658],[-118.23365203756536,36.87175386685159],[-118.23363254169824,36.87179733660935]]]}},{"type":"Feature","properties":{"segment_id":457,"mask_origin":"sam_amg"},"geometry":{"type":"Polygon","coordinates":[[[-118.23163128343761,36.86874070260001],[-118.2316788294429,36.868767251941456],[-118.23167813489137,36.86872399174527],[-118.23163128343761,36.86874070260001]]]}},{"type":"Feature","properties":{"segment_id":458,"mask_origin":"sam_amg"},"geometry":{"type":"Polygon","coordinates":[[[-118.23354252289343,36.87164142688259],[-118.23358998440246,36.871662567883035],[-118.23358946262566,36.87163012277511],[-118.23354252289343,36.87164142688259]]]}},{"type":"Feature","properties":{"segment_id":459,"mask_origin":"sam_amg"},"geometry":{"type":"Polygon","coordinates":[[[-118.22797743938817,36.86545774043782],[-118.22802411659247,36.86543021596713],[-118.2279835635453,36.86541981815137],[-118.22797743938817,36.86545774043782]]]}},{"type":"Feature","properties":{"segment_id":460,"mask_origin":"sam_amg"},"geometry":{"type":"Polygon","coordinates":[[[-118.23288321040184,36.86957143496532],[-118.2329163406625,36.869538640706246],[-118.23286931518915,36.86954453700847],[-118.23288321040184,36.86957143496532]]]}},{"type":"Feature","properties":{"segment_id":461,"mask_origin":"residual_matrix"},"geometry":{"type":"MultiPolygon","coordinates":[[[[-118.23174036001691,36.86798780104428],[-118.2317371092855,36.86798783473759],[-118.23174036001691,36.86798780104391],[-118.23174036001691,36.86798780104428]]],[[[-118.23433635013278,36.87077324503654],[-118.23433635013278,36.87077324503672],[-118.23432986867668,36.87077331235985],[-118.23433635013278,36.87077324503654]]],[[[-118.23432961968832,36.87077331494611],[-118.23432961968832,36.870773314946106],[-118.23432986867668,36.87077331235985],[-118.23432961968832,36.87077331494611]]],[[[-118.23602739334449,36.87336787740756],[-118.2360944395049,36.87335101173078],[-118.23609470006816,36.87336718021379],[-118.23602739334449,36.87336787740756]]],[[[-118.2358252128413,36.87335381195796],[-118.23589951056486,36.87336920207577],[-118.23582547316332,36.873369968988975],[-118.2358252128413,36.87335381195796]]],[[[-118.23609470093922,36.87336723426472],[-118.23610816141267,36.87336704077504],[-118.23610816227425,36.87336709423728],[-118.23609470093922,36.87336723426472]]],[[[-118.23346300590325,36.87339444050339],[-118.23365085828063,36.873354771387916],[-118.23365819558552,36.873392418639554],[-118.23346300590325,36.87339444050339]]],[[[-118.23589951157057,36.8733692644914],[-118.23602739334449,36.87336787740756],[-118.23602739426256,36.87336793437908],[-118.23589951157057,36.8733692644914]]],[[[-118.23249378795825,36.87340448010534],[-118.23258689032585,36.87333336175835],[-118.23269570839261,36.8734023885213],[-118.23249378795825,36.87340448010534]]],[[[-118.2320697549962,36.87340887243234],[-118.23205560134886,36.87336591352299],[-118.23206854153837,36.87333332883585],[-118.2320697549962,36.87340887243234]]],[[[-118.23582547316332,36.873369968988975],[-118.23365819776465,36.87339255412672],[-118.23365819558552,36.873392418639554],[-118.23582547316332,36.873369968988975]]],[[[-118.23269571086583,36.873402542412556],[-118.23346300590325,36.87339444050339],[-118.2334630081522,36.87339458035304],[-118.23269571086583,36.873402542412556]]],[[[-118.23206975759322,36.87340903410899],[-118.23249378795825,36.87340448010534],[-118.2324937904772,36.87340463686828],[-118.23206975759322,36.87340903410899]]],[[[-118.2313159211279,36.87341684769142],[-118.23201590953586,36.873409430188204],[-118.23201591214105,36.873409592380554],[-118.2313159211279,36.87341684769142]]],[[[-118.23115386392473,36.87338607628056],[-118.2314594816379,36.87313412217444],[-118.23174051938568,36.87302844943044],[-118.23174560013021,36.87292563677403],[-118.23159657095898,36.87286768881117],[-118.23157707365213,36.87291115825047],[-118.23151037500288,36.87294970844639],[-118.23158940619568,36.872840720963985],[-118.2314818028862,36.87284724455399],[-118.23172701557264,36.872606732581495],[-118.23161059816415,36.872483545539964],[-118.23169006290736,36.87240159559993],[-118.23127828139941,36.872330145085364],[-118.23069428178597,36.872433546345974],[-118.2305433817817,36.87267848803445],[-118.23058714893887,36.87288896324],[-118.23064798497202,36.87290455848706],[-118.23068241903258,36.87295287766624],[-118.23073643772283,36.87296313504992],[-118.23068346017817,36.873017767938435],[-118.23062779304963,36.87290476759777],[-118.23044658621015,36.87293909457905],[-118.2304846789857,36.872376224289184],[-118.23031771512615,36.87245907938022],[-118.23027438263985,36.87227564166319],[-118.23005105925755,36.8722022356156],[-118.23002188239857,36.872061918644526],[-118.22983316637568,36.87204764660447],[-118.22985835462717,36.87193921746976],[-118.22967489579715,36.87183294757863],[-118.22964445041455,36.87203337426336],[-118.22980615740752,36.87204251770256],[-118.22962564566897,36.87212010360992],[-118.22911894623479,36.87200636032434],[-118.22839602850397,36.87226262293386],[-118.22782245676987,36.87217660748498],[-118.22771537327539,36.87221557282949],[-118.22790281236634,36.87257059209862],[-118.22884579176753,36.87260411183928],[-118.22894761743605,36.872657143037834],[-118.22888256369409,36.87279843478424],[-118.2290312441948,36.87283475608762],[-118.22914780307096,36.872546904119986],[-118.22928657513395,36.872805072910396],[-118.22966996124848,36.87278488098452],[-118.23009176987922,36.87306175328677],[-118.23025968934108,36.87303838125147],[-118.230239008733,36.87342783613793],[-118.22862364333665,36.87344456883016],[-118.22869595082369,36.87333579827821],[-118.22854088525949,36.873321176265804],[-118.2283274929076,36.873447636491505],[-118.22768807709612,36.873454259852394],[-118.22778031797283,36.87332903699206],[-118.22765604984671,36.87313561766429],[-118.22733849702183,36.87306317998062],[-118.22721692850511,36.87345914022459],[-118.22696116209224,36.87346178956986],[-118.22667992969588,36.87313488118236],[-118.22670434440175,36.87297778487011],[-118.22640593427518,36.87241838890952],[-118.22628719140998,36.872149193115646],[-118.22613885920558,36.872134498456695],[-118.2261431694895,36.871983018092315],[-118.2259943190594,36.8719358780479],[-118.22611832170091,36.87211307666669],[-118.22613549974713,36.87234546167521],[-118.22634303737642,36.87269486764786],[-118.22637186197329,36.872813555500976],[-118.2263660823607,36.87287310780993],[-118.22453480549007,36.86948468424939],[-118.22454119306951,36.869884842072786],[-118.22470065393762,36.87017525386824],[-118.22454248786448,36.8699659551417],[-118.22459756517526,36.873486272785776],[-118.2244541166336,36.864499445230166],[-118.22477154446015,36.86449617427433],[-118.22445721510337,36.864623305215986],[-118.22449008950782,36.86499614829829],[-118.22532865750912,36.864819843711956],[-118.22561993782574,36.864513967916096],[-118.22542434640187,36.86448944476875],[-118.22797498283681,36.86446311677191],[-118.22638697540161,36.86449523808579],[-118.22678137402154,36.864745363680626],[-118.22643667788829,36.864656978100236],[-118.22594850357636,36.86485671854368],[-118.22602581651387,36.865061441343926],[-118.22576360705419,36.86508037143588],[-118.22567120158493,36.865194901548406],[-118.22562245050811,36.865092644146735],[-118.2254075233414,36.865121902678716],[-118.22545006238762,36.8652566748128],[-118.22570683837235,36.86531892791004],[-118.22582401282646,36.865490789111114],[-118.22661332491559,36.86560163030404],[-118.22680581477609,36.865431982031765],[-118.22673704500184,36.865340748618735],[-118.22684730434031,36.86508000576236],[-118.22702064029487,36.864975456038714],[-118.22689647466551,36.864787442903335],[-118.22743867599863,36.86501981500444],[-118.22853014096415,36.865084254910116],[-118.23089001325478,36.864913808503495],[-118.23177237492824,36.86453148469616],[-118.23202941369989,36.86460994667127],[-118.23201369631639,36.864469490489],[-118.23212250355068,36.86453867201148],[-118.23212554285888,36.86472793546929],[-118.23235453382628,36.86473637796524],[-118.23311049547387,36.86444729821253],[-118.22815669031915,36.8644612390747],[-118.23407899903196,36.86439988802991],[-118.23397839053504,36.86442206440832],[-118.23403483878613,36.86458373107162],[-118.23525665009191,36.86689125193871],[-118.23409245880407,36.864399748259714],[-118.23529710803057,36.864387232657734],[-118.2371921922906,36.872128102117166],[-118.23718251120883,36.87152786845406],[-118.2365990717834,36.86915964483002],[-118.23663814602011,36.86907811190152],[-118.23674739984742,36.86917432650709],[-118.23676818351883,36.86962841755793],[-118.23694448018882,36.869707708942094],[-118.23697621361504,36.869588393375906],[-118.23711962805572,36.8701331509112],[-118.23707704999981,36.87041483199543],[-118.23716489411993,36.870435551175916],[-118.23715041742093,36.86953790414772],[-118.2371162425481,36.869505809401254],[-118.23700796314664,36.869052629227],[-118.23714884769693,36.86944056891932],[-118.23710329145264,36.86661551927624],[-118.23721199143164,36.87335560679977],[-118.23610816141267,36.87336704077504],[-118.23619855693416,36.87312818350965],[-118.23610258499355,36.87302101350491],[-118.23620818354718,36.8728901129697],[-118.23519870204332,36.87248957052594],[-118.23504398547026,36.87249658704658],[-118.23496382777928,36.87253527904906],[-118.23482930287906,36.87254208544657],[-118.23464554629464,36.87283604943078],[-118.23442561130987,36.87297354480541],[-118.23422369218206,36.8729756421794],[-118.23407466112936,36.87291769736178],[-118.23401443341636,36.8729399564941],[-118.23387738506857,36.87278994385872],[-118.2337994010003,36.87296382299942],[-118.23349109603006,36.87304814995481],[-118.23374868711676,36.87315905263835],[-118.23338462302837,36.873124972991384],[-118.23330576803527,36.87324477665524],[-118.23338093572815,36.873314305944994],[-118.23329317617743,36.873298991535975],[-118.2332952986565,36.873012323269315],[-118.2332154872814,36.87307264418492],[-118.23314145014088,36.87307341250978],[-118.23311435367604,36.87306287685389],[-118.2332271228052,36.872958946617565],[-118.23289706071174,36.87294614626952],[-118.23256951866036,36.873090163048346],[-118.232136237795,36.872937812245205],[-118.2320249437571,36.87313366931091],[-118.23181429599585,36.873011459418024],[-118.23132729908517,36.87328692770023],[-118.23131591845221,36.873416681015414],[-118.23115386392473,36.87338607628056]],[[-118.2354658678875,36.86734338464187],[-118.235532908035,36.86732646238905],[-118.23541475133321,36.86709512856684],[-118.2354658678875,36.86734338464187]],[[-118.2347284537203,36.86836783226476],[-118.2347754783108,36.86836193524163],[-118.23473448768806,36.868324502187384],[-118.2347284537203,36.86836783226476]],[[-118.2347295851474,36.86843813000684],[-118.23475676720643,36.86845407284708],[-118.23474968882869,36.868432512702356],[-118.2347295851474,36.86843813000684]],[[-118.23455201610507,36.8691160276748],[-118.23471302105912,36.86908190439833],[-118.23452448576624,36.86907845471937],[-118.23455201610507,36.8691160276748]],[[-118.2347020844334,36.86923886227556],[-118.23474937066906,36.869249187807206],[-118.23475583986655,36.869232895323115],[-118.2347020844334,36.86923886227556]],[[-118.23475845099799,36.86939512085511],[-118.23475180771311,36.86940059830383],[-118.23475853803608,36.86940052837275],[-118.23475845099799,36.86939512085511]],[[-118.23473396672968,36.86954681107096],[-118.23477469690314,36.869568021553356],[-118.23476027880243,36.86950867872476],[-118.23473396672968,36.86954681107096]],[[-118.2349561548523,36.86954991068703],[-118.23494959862083,36.86956079566378],[-118.23495632895732,36.86956072572124],[-118.2349561548523,36.86954991068703]],[[-118.23495133966664,36.869668946005056],[-118.23497222713686,36.86971199631111],[-118.23495807001262,36.86966887606225],[-118.23495133966664,36.869668946005056]],[[-118.23579165179002,36.87001716619144],[-118.23607055963282,36.87019815173724],[-118.23643112441259,36.87001592286333],[-118.23632188959827,36.8695032593833],[-118.23613283045883,36.869467367189394],[-118.23608214579521,36.86924614912999],[-118.2355093486624,36.869625286844354],[-118.23552681563092,36.869873892620696],[-118.23590615527266,36.87002138380816],[-118.23579165179002,36.87001716619144]],[[-118.23677001431334,36.86974197533694],[-118.23680952456303,36.869687479924],[-118.2367826031912,36.86968776011243],[-118.23677001431334,36.86974197533694]],[[-118.23469880679434,36.86987168169456],[-118.23488647355244,36.86982105589034],[-118.23469845865306,36.869850051625136],[-118.23469880679434,36.86987168169456]],[[-118.23468630344543,36.86993130424184],[-118.2347334160327,36.8699308147363],[-118.23465903383556,36.86990995388139],[-118.23468630344543,36.86993130424184]],[[-118.23466767893851,36.87002884933579],[-118.23473524383564,36.87004437259675],[-118.23472773011504,36.86999577487321],[-118.23466767893851,36.87002884933579]],[[-118.23491029331213,36.8704644104956],[-118.23521446810845,36.87054237547466],[-118.23518624034405,36.87046154257073],[-118.2356309067115,36.87006751349759],[-118.23558904375882,36.86997600561958],[-118.23522664854934,36.87004467413577],[-118.23486686410513,36.870275567059196],[-118.23491029331213,36.8704644104956]],[[-118.23716524296395,36.870457181223045],[-118.23713211416856,36.87048997663553],[-118.23716594065313,36.87050044131706],[-118.23716524296395,36.870457181223045]],[[-118.23419001395654,36.87213768693051],[-118.23412691581531,36.87198149806765],[-118.2348415728176,36.87204979177395],[-118.23526226339638,36.87225634779697],[-118.23542721812095,36.872049113044376],[-118.23566156794236,36.87197095855362],[-118.23549086554638,36.87182129770984],[-118.2355488273083,36.8716584424875],[-118.23583438408687,36.87183395094507],[-118.23567772948083,36.87213845149386],[-118.23590018648348,36.87215777174218],[-118.23585788637976,36.872039226452735],[-118.23608437234951,36.87189084346753],[-118.23600212462145,36.87179975584552],[-118.23637676813074,36.871655239618605],[-118.23619741737235,36.871386684541235],[-118.23623405296368,36.871153741382614],[-118.23578339515029,36.87075820567204],[-118.2358082261184,36.870628145359134],[-118.23559975704265,36.870641129979035],[-118.23558873500222,36.87079268035333],[-118.23540805809378,36.87085945986897],[-118.23524290615772,36.87147232817269],[-118.23500655496356,36.87142610897325],[-118.23487588977635,36.87125439742705],[-118.23464267274758,36.871402848060846],[-118.23472544070331,36.871526381762465],[-118.23468679844294,36.87163495166876],[-118.23487061172753,36.87176284376589],[-118.23471920421062,36.87197534542178],[-118.23456474970956,36.87199858384725],[-118.23467182924729,36.87195961239835],[-118.23366210687666,36.8715428339105],[-118.23352967055828,36.87167941924055],[-118.23401827006273,36.871923133728345],[-118.23350805286057,36.87200955729554],[-118.23291402560616,36.871907553529056],[-118.2327035145549,36.87221260900888],[-118.23322263813742,36.8722613069652],[-118.23326458655843,36.87235822318973],[-118.23302272006553,36.87238777518698],[-118.23312637381616,36.8725543606409],[-118.23326623846307,36.87246096603079],[-118.23338065857841,36.872459778496875],[-118.2333850415018,36.8723137056599],[-118.23354019272732,36.872333728890666],[-118.23359008969565,36.87250628036535],[-118.23384016561819,36.87256858511041],[-118.23408794839195,36.87290674253294],[-118.23443199384178,36.87295184482677],[-118.23474354603971,36.872651144934245],[-118.23463779973955,36.8723547805979],[-118.2347914714834,36.87228287443154],[-118.23466124045528,36.87213820026801],[-118.23456071716639,36.87216628675553],[-118.23462303300784,36.8722738077265],[-118.23461044222489,36.8723280227353],[-118.23419001395654,36.87213768693051]],[[-118.23468877026633,36.87092101968516],[-118.2346548568768,36.87090514677979],[-118.23464830049177,36.87091603174042],[-118.23468877026633,36.87092101968516]],[[-118.23459654559981,36.871046371545],[-118.23469619703116,36.870964209886175],[-118.2345751357725,36.87097087608573],[-118.23459654559981,36.871046371545]],[[-118.23470934012961,36.87178074479717],[-118.23464954868355,36.87183004181378],[-118.23471676700312,36.87182393498904],[-118.23470934012961,36.87178074479717]],[[-118.23618567900382,36.87191142331896],[-118.23626853713925,36.872040363391214],[-118.2364708894853,36.87206530014723],[-118.23641985326691,36.87182245232852],[-118.23618567900382,36.87191142331896]],[[-118.23653216182818,36.87210792993161],[-118.2364531384791,36.8722169205706],[-118.23650802904845,36.872281250441986],[-118.2366742009517,36.87214971917995],[-118.23653216182818,36.87210792993161]],[[-118.23604982732273,36.8722535668661],[-118.23598811945406,36.87218389926825],[-118.23596206851559,36.872238254413105],[-118.23604982732273,36.8722535668661]],[[-118.23544782105824,36.872492389214855],[-118.23485004443307,36.87215787213354],[-118.23487345716556,36.87235774035726],[-118.23475387353402,36.87245633453],[-118.23544782105824,36.872492389214855]],[[-118.23562037741725,36.87233915936046],[-118.23538480715361,36.8723416085957],[-118.23575061057659,36.872483832428024],[-118.23562037741725,36.87233915936046]],[[-118.23651012114726,36.872411030715384],[-118.2365762065131,36.872334625185914],[-118.23648949355146,36.87238420326271],[-118.23651012114726,36.872411030715384]],[[-118.23318989937437,36.866874857636],[-118.23373564654115,36.86690705213318],[-118.23383807655328,36.86699793192055],[-118.23393081962944,36.86690502576284],[-118.233899169403,36.867029748157236],[-118.23401523397959,36.86713130306745],[-118.23399869666122,36.8673586286114],[-118.23408427490642,36.867238754614284],[-118.23442803381113,36.867267634871375],[-118.23489705434014,36.86713295983578],[-118.23520315752457,36.86691344164592],[-118.23480114911665,36.86619289054591],[-118.23318616185475,36.86664233413575],[-118.23314804116079,36.866783348763605],[-118.23300592695246,36.86673614751964],[-118.23331938647141,36.867392722659254],[-118.23392388230145,36.867310729631576],[-118.23392661170351,36.86706191376806],[-118.23334625654428,36.866970586663186],[-118.23321734132489,36.866907023417994],[-118.23318989937437,36.866874857636]],[[-118.23419735057071,36.867572902610526],[-118.23417742105254,36.8675893348599],[-118.23419761154909,36.86758912517189],[-118.23419735057071,36.867572902610526]],[[-118.23452558953483,36.86831044722005],[-118.23456562281783,36.86828839763913],[-118.23453066641164,36.8682076344396],[-118.23452558953483,36.86831044722005]],[[-118.23418873013189,36.86829231248014],[-118.23420918180099,36.86830832534613],[-118.23420892081334,36.8682921027868],[-118.23418873013189,36.86829231248014]],[[-118.2341627661422,36.86835207478428],[-118.23414231447065,36.868336061910455],[-118.234142662436,36.86835769198993],[-118.2341627661422,36.86835207478428]],[[-118.23431109226117,36.868366759542276],[-118.23435846491435,36.868382492761356],[-118.23434448241103,36.868350187457885],[-118.23431109226117,36.868366759542276]],[[-118.23433914426394,36.868436777674646],[-118.23435434487611,36.86854478824809],[-118.23435933498226,36.86843656795505],[-118.23433914426394,36.868436777674646]],[[-118.23421640254217,36.86875714946923],[-118.23388032398977,36.86878768156931],[-118.23425057588305,36.868789245082404],[-118.23421640254217,36.86875714946923]],[[-118.23419069941602,36.868833134335354],[-118.234238246336,36.86885968263476],[-118.234217446518,36.86882203970098],[-118.23419069941602,36.868833134335354]],[[-118.23402252952772,36.868840289190764],[-118.23400277361601,36.86886753645355],[-118.23402960774324,36.86886184938045],[-118.23402252952772,36.868840289190764]],[[-118.23454206600259,36.86891601941144],[-118.23455587465371,36.868937509648234],[-118.23454879628356,36.86891594949302],[-118.23454206600259,36.86891601941144]],[[-118.23435283505428,36.86886930930187],[-118.23432704502348,36.86893988667535],[-118.23436147951962,36.8689882048099],[-118.23435283505428,36.86886930930187]],[[-118.23412478853614,36.868920353608985],[-118.2342329080499,36.86894627284235],[-118.23423929033417,36.86892457286486],[-118.23412478853614,36.868920353608985]],[[-118.23425283790013,36.868929840581025],[-118.23426655947178,36.86894592333377],[-118.23426621146406,36.86892429325744],[-118.23425283790013,36.868929840581025]],[[-118.23412618040959,36.869006873918444],[-118.23417442338385,36.869076682394585],[-118.23417294445697,36.86898475456851],[-118.23412618040959,36.869006873918444]],[[-118.23407303399725,36.869050693219904],[-118.2340530170897,36.869061717932645],[-118.23407320797463,36.86906150825863],[-118.23407303399725,36.869050693219904]],[[-118.2339553679254,36.869268251992516],[-118.2341695199968,36.8691903101931],[-118.23393456812825,36.869230609011225],[-118.2339553679254,36.869268251992516]],[[-118.23424459737657,36.869254431523146],[-118.23429809184672,36.86923224222062],[-118.23425054467207,36.86920569395146],[-118.23424459737657,36.869254431523146]],[[-118.23431172647754,36.86924291744745],[-118.23441285515524,36.869252683855954],[-118.23437151617658,36.86919362061319],[-118.23431172647754,36.86924291744745]],[[-118.23448923808046,36.8693979178003],[-118.23457725443471,36.86942945396803],[-118.23456283651521,36.86937011111082],[-118.23448923808046,36.8693979178003]],[[-118.23454499517615,36.86951632385684],[-118.23457934305102,36.86955923439843],[-118.23456492510263,36.869499891543214],[-118.23454499517615,36.86951632385684]],[[-118.23458717548132,36.870045910986214],[-118.23465439224735,36.87003980422387],[-118.23458708845328,36.8700405034688],[-118.23458717548132,36.870045910986214]],[[-118.23411940994772,36.87067814662861],[-118.23458636303003,36.870413692081776],[-118.23466303736355,36.870158699675926],[-118.23449173186161,36.869971184618365],[-118.23457435322803,36.8696674546763],[-118.23376015502879,36.86968672739906],[-118.23362107859455,36.869828790204856],[-118.23367991259809,36.869720010991365],[-118.23317908467624,36.86955213971914],[-118.23315004002566,36.86983908752],[-118.23294157250689,36.86985206744633],[-118.23299750141607,36.86998128929984],[-118.23240870301218,36.870203733955066],[-118.2321051401886,36.870163614367826],[-118.23175164180032,36.870367390642045],[-118.23200370680439,36.87055407244743],[-118.23237492296668,36.87061512438642],[-118.23241048642817,36.870733740858526],[-118.23267280000842,36.87072020330979],[-118.23313946072449,36.87085598066019],[-118.233745636413,36.870876730935365],[-118.23371528897594,36.871082566009036],[-118.23390005615028,36.8712699423703],[-118.23435529292544,36.87111377879237],[-118.23433565403218,36.870729984898475],[-118.23411940994772,36.87067814662861]],[[-118.23446298051071,36.871112660164464],[-118.23451577998527,36.87104721061456],[-118.23443544947014,36.87107508721322],[-118.23446298051071,36.871112660164464]],[[-118.23392477086409,36.87155092362278],[-118.23451502498042,36.87183684783385],[-118.23460820807881,36.871770978707566],[-118.23451827437246,36.87162047727165],[-118.23465218843342,36.87157581864365],[-118.23458105387449,36.87133858720227],[-118.2346611234954,36.87129448795388],[-118.23443019834505,36.871167084913516],[-118.2339967187282,36.87142037442177],[-118.2339478654687,36.87131271330193],[-118.23392477086409,36.87155092362278]],[[-118.23392433593379,36.87152388603577],[-118.23385624798892,36.87147591723308],[-118.23388464873132,36.87156756549345],[-118.23392433593379,36.87152388603577]],[[-118.23458627581833,36.871663038167824],[-118.2345927452396,36.87164674569467],[-118.23458601471917,36.87164681561999],[-118.23458627581833,36.871663038167824]],[[-118.23349436011932,36.864459539860874],[-118.23359487380627,36.86443145441979],[-118.23342041822548,36.86446571573145],[-118.23349436011932,36.864459539860874]],[[-118.23358920111774,36.867427781146276],[-118.23361638258316,36.86744372426108],[-118.23362293883366,36.86743283935395],[-118.23358920111774,36.867427781146276]],[[-118.23360413958348,36.86751956929176],[-118.23365772000619,36.867502787811844],[-118.23359041841225,36.86750348645144],[-118.23360413958348,36.86751956929176]],[[-118.23356029735342,36.868141993159],[-118.23354701081966,36.868152947923534],[-118.23356047125279,36.86815280820147],[-118.23356029735342,36.868141993159]],[[-118.23339990237217,36.86821396750236],[-118.23342044079922,36.86823538802921],[-118.23342017997902,36.868219165464865],[-118.23339990237217,36.86821396750236]],[[-118.23319256933023,36.86829724557242],[-118.23315244871324,36.86831388717618],[-118.23321302079765,36.86831325861369],[-118.23319256933023,36.86829724557242]],[[-118.23356290585374,36.868304218793945],[-118.23354970624241,36.8683205810801],[-118.23356316670493,36.86832044135719],[-118.23356290585374,36.868304218793945]],[[-118.23353737611264,36.868391018575686],[-118.2335843138703,36.86837971450104],[-118.23355022793969,36.868353026206606],[-118.23353737611264,36.868391018575686]],[[-118.23314728306306,36.86841129240846],[-118.23324936673704,36.86848054256999],[-118.2332759399985,36.86845863310358],[-118.23314728306306,36.86841129240846]],[[-118.23357198376449,36.868450151999134],[-118.23355214083692,36.868471991668905],[-118.23357888791097,36.86846089717824],[-118.23357198376449,36.868450151999134]],[[-118.23310373504167,36.868633489663075],[-118.23329865176969,36.8686152416856],[-118.23316291660959,36.8685463407745],[-118.23310373504167,36.868633489663075]],[[-118.2333603542714,36.86868491081965],[-118.23338124057287,36.86872796143388],[-118.23340090973363,36.86869530674932],[-118.2333603542714,36.86868491081965]],[[-118.23338901411438,36.86879278183384],[-118.23347607293412,36.86876483611198],[-118.2333752058135,36.8687712914544],[-118.23338901411438,36.86879278183384]],[[-118.23302614987972,36.869250854966594],[-118.23305333188873,36.86926679819564],[-118.2330598883684,36.86925591331848],[-118.23302614987972,36.869250854966594]],[[-118.23290079420396,36.869408999846975],[-118.23290656854955,36.86934944728482],[-118.23285971699917,36.86936615862433],[-118.23290079420396,36.869408999846975]],[[-118.23291686211505,36.86957108583384],[-118.23288260205722,36.869533582315974],[-118.2328696628109,36.869566167093915],[-118.23291686211505,36.86957108583384]],[[-118.23330264349458,36.87095704720988],[-118.233227391308,36.87088211028009],[-118.23322135632692,36.87092544028215],[-118.23330264349458,36.87095704720988]],[[-118.23306716419272,36.870964899292815],[-118.23313359955183,36.87091012569804],[-118.23305947757287,36.870905486413776],[-118.23306716419272,36.870964899292815]],[[-118.23294844946543,36.87111756687097],[-118.23302170243447,36.871068131024224],[-118.23292057149962,36.87105836347562],[-118.23294844946543,36.87111756687097]],[[-118.23321853792363,36.871168848496836],[-118.23318314686291,36.87106104734068],[-118.23308883331843,36.87105661761008],[-118.233083580577,36.871148615281015],[-118.23321853792363,36.871168848496836]],[[-118.23338119979103,36.871237469805855],[-118.23349405289272,36.87113894686004],[-118.23339947839817,36.87111829482185],[-118.23338119979103,36.871237469805855]],[[-118.23285630859856,36.87124832495284],[-118.23298978844194,36.871176630591236],[-118.23278674417374,36.87110842767785],[-118.23285630859856,36.87124832495284]],[[-118.23318111074242,36.87135312322333],[-118.23304020489012,36.871381627483],[-118.23307594361646,36.87151105875368],[-118.23321046692344,36.87150425437082],[-118.23318111074242,36.87135312322333]],[[-118.23323643265766,36.8714444922723],[-118.23339462528833,36.87165377887961],[-118.23358047109333,36.87148959717345],[-118.23333022502182,36.871416476764225],[-118.23323643265766,36.8714444922723]],[[-118.23366831558245,36.87151031893008],[-118.23370127237462,36.87146670941742],[-118.23364751528511,36.8714726759211],[-118.23366831558245,36.87151031893008]],[[-118.23367344672948,36.87182936248025],[-118.23365203756536,36.87175386685159],[-118.23365334208094,36.87183497961744],[-118.23367344672948,36.87182936248025]],[[-118.23329637780489,36.87266076477784],[-118.23357793297036,36.87258753286267],[-118.23348626110203,36.87232888029695],[-118.23344088611145,36.87243751968762],[-118.23338083247971,36.8724705935322],[-118.23327340377378,36.87248793376829],[-118.23329637780489,36.87266076477784]],[[-118.23344137280817,36.87288641349068],[-118.23375893019312,36.87295883477234],[-118.23371724172904,36.87287814129942],[-118.23382406198535,36.872822948039946],[-118.23373386757939,36.87265622348062],[-118.23361840357092,36.87259252115556],[-118.23339173675747,36.87273008451498],[-118.23344137280817,36.87288641349068]],[[-118.23332343850825,36.87308774909085],[-118.23348996554847,36.872977852234555],[-118.23334810040373,36.872946874216105],[-118.23332343850825,36.87308774909085]],[[-118.23205042795476,36.86508026201028],[-118.23210209663351,36.86494451565393],[-118.23199407029226,36.864924001874215],[-118.23193584513538,36.86507063300664],[-118.23205042795476,36.86508026201028]],[[-118.23220196323246,36.86697164016075],[-118.23227616822223,36.8669816875792],[-118.23227590765582,36.866965465004434],[-118.23220196323246,36.86697164016075]],[[-118.2322096487081,36.86703105315337],[-118.23222354321109,36.86705795121122],[-118.2322368297529,36.86704699659271],[-118.2322096487081,36.86703105315337]],[[-118.23260698647758,36.86704315785951],[-118.23254020650616,36.86707630104256],[-118.23260716023566,36.867053972907875],[-118.23260698647758,36.86704315785951]],[[-118.2324400364396,36.86712601574843],[-118.2328246096144,36.867181519500164],[-118.23287102536223,36.867137770575305],[-118.23255401425715,36.86709779153501],[-118.2324400364396,36.86712601574843]],[[-118.23256239503044,36.86720046469154],[-118.23254237837365,36.867211489148254],[-118.23256256878321,36.86721127973982],[-118.23256239503044,36.86720046469154]],[[-118.23281475968885,36.86782522423202],[-118.23285540152362,36.86784102788212],[-118.23285522772562,36.8678302128362],[-118.23281475968885,36.86782522423202]],[[-118.2320274141761,36.86783879793134],[-118.23208168994107,36.86786527734902],[-118.232081168874,36.867832832201906],[-118.2320274141761,36.86783879793134]],[[-118.23278542272881,36.869350704096675],[-118.23217752211485,36.869221798229034],[-118.23205698439256,36.86926090695719],[-118.23239680135397,36.869462903433195],[-118.23233175656087,36.869604196974834],[-118.23249932019222,36.86955919182476],[-118.23267825889663,36.86938426629066],[-118.23278542272881,36.869350704096675]],[[-118.2326585023664,36.86941151333893],[-118.23270622292509,36.86944887729571],[-118.23272580565761,36.86941081519626],[-118.2326585023664,36.86941151333893]],[[-118.23287500266082,36.86947957692711],[-118.23282159449204,36.86950717312035],[-118.23286888066251,36.86951749940156],[-118.23287500266082,36.86947957692711]],[[-118.23267999672964,36.86949241672775],[-118.23263323192954,36.86951453550196],[-118.23268698774307,36.8695085694792],[-118.23267999672964,36.86949241672775]],[[-118.23254625882453,36.86954788814627],[-118.23256714492204,36.86959093890159],[-118.23258664087304,36.869547469302056],[-118.23254625882453,36.86954788814627]],[[-118.23266110908018,36.86957373899427],[-118.23262754425103,36.869579495575195],[-118.232661195971,36.86957914651604],[-118.23266110908018,36.86957373899427]],[[-118.23270383727761,36.86971932319444],[-118.23263705505285,36.86975246645967],[-118.23271108900266,36.86975169850794],[-118.23270383727761,36.86971932319444]],[[-118.23277513821716,36.869967371000676],[-118.23272016554493,36.869897631770236],[-118.2326938523171,36.86993576368347],[-118.23277513821716,36.869967371000676]],[[-118.23263975603882,36.870758405026685],[-118.2326669385133,36.87077434833175],[-118.23267332138033,36.87075264843389],[-118.23263975603882,36.870758405026685]],[[-118.23255217333327,36.87075390504874],[-118.23259299046524,36.87078052379493],[-118.23260619069201,36.87076416161008],[-118.23255217333327,36.87075390504874]],[[-118.23216024627423,36.871498923302646],[-118.2318894625477,36.87140437910913],[-118.2319743104943,36.871657695322526],[-118.23243172570245,36.87163672702821],[-118.23270428810345,36.871422971504586],[-118.23274940287895,36.87129810980884],[-118.23255369719656,36.8712676893221],[-118.23272030839362,36.87116320108465],[-118.23248283005412,36.87104667904925],[-118.23222155768836,36.87112510645447],[-118.23221682509148,36.87124954923236],[-118.2319742668359,36.871235838871876],[-118.23199645584339,36.87136000253616],[-118.23217835310965,36.87136893343313],[-118.23216024627423,36.871498923302646]],[[-118.23275769763023,36.8713953753473],[-118.23281974958951,36.87148667477691],[-118.23284580253478,36.87143232027778],[-118.23275769763023,36.8713953753473]],[[-118.23252539158334,36.87201975347527],[-118.23254228144067,36.87181405829139],[-118.23225269444826,36.87180624471321],[-118.23235643260035,36.871978238420574],[-118.23252539158334,36.87201975347527]],[[-118.2320368401102,36.87219788918256],[-118.23207700736043,36.87260310429852],[-118.23251158956012,36.87283656815026],[-118.23254802329596,36.87300925970399],[-118.23284321560122,36.872946704909914],[-118.23316254797037,36.872710829437345],[-118.23314682643074,36.87257037366157],[-118.23217093042362,36.87216404835099],[-118.2320368401102,36.87219788918256]],[[-118.23229121625766,36.87294702204842],[-118.23230224501029,36.87279547190743],[-118.23220241489584,36.87286681658576],[-118.23229121625766,36.87294702204842]],[[-118.23250790009729,36.8730259011254],[-118.23247363864436,36.87298839753582],[-118.23248115128834,36.87303699539897],[-118.23250790009729,36.8730259011254]],[[-118.23165996306923,36.864657043616525],[-118.23170646481603,36.86461870267262],[-118.23163942611173,36.86463562274592],[-118.23165996306923,36.864657043616525]],[[-118.2319737936525,36.8649188036476],[-118.23209302212193,36.86479858219273],[-118.23198256481356,36.864626657627944],[-118.23167403053915,36.86469475681716],[-118.23174393404672,36.86485628514836],[-118.2319737936525,36.8649188036476]],[[-118.23144885850255,36.86492424426387],[-118.23083730145987,36.864984664017165],[-118.23076457319877,36.865066543663886],[-118.23149779075288,36.86503731419295],[-118.2317086761932,36.865175747805075],[-118.23188769361805,36.8650062310187],[-118.23144885850255,36.86492424426387]],[[-118.23205212042946,36.86728147399813],[-118.23182607391934,36.86745688692939],[-118.23209666980753,36.86754061653862],[-118.23205212042946,36.86728147399813]],[[-118.23153884715204,36.867595074494396],[-118.23157284524702,36.86761635586257],[-118.2315861319783,36.867605401314336],[-118.23153884715204,36.867595074494396]],[[-118.23189710922954,36.86768871287114],[-118.2320592414414,36.86772489103899],[-118.23192541927914,36.86777495420135],[-118.2320869437735,36.86777327965452],[-118.23207061756949,36.867594970893705],[-118.23189710922954,36.86768871287114]],[[-118.23123030058697,36.867663172726274],[-118.2312983834799,36.86771114315688],[-118.2313115834775,36.86769478111225],[-118.23123030058697,36.867663172726274]],[[-118.23109743248627,36.867772717756374],[-118.23140046458033,36.867780394962985],[-118.23140020419152,36.867764172385066],[-118.23109743248627,36.867772717756374]],[[-118.23136889669443,36.86791052427412],[-118.23139633827637,36.867942690478465],[-118.23140953829119,36.86792632842323],[-118.23136889669443,36.86791052427412]],[[-118.23202181290779,36.86790916552531],[-118.23204252455686,36.86794140134913],[-118.2320690979884,36.867919492147756],[-118.23202181290779,36.86790916552531]],[[-118.23163302396057,36.868010547225936],[-118.2316196503551,36.86801609425455],[-118.23163311077398,36.86801595475123],[-118.23163302396057,36.868010547225936]],[[-118.23139134399847,36.86805091073264],[-118.2313584740809,36.86809992715204],[-118.23141231582004,36.86809936924678],[-118.23139134399847,36.86805091073264]],[[-118.23163853460744,36.86877307799427],[-118.23167813489137,36.86872399174527],[-118.23163784007849,36.868729817797465],[-118.23163853460744,36.86877307799427]],[[-118.2316011914342,36.86896275986889],[-118.23168773021307,36.86890237029605],[-118.23159359300575,36.86890875437525],[-118.2316011914342,36.86896275986889]],[[-118.23144665510927,36.86898058663313],[-118.23147952533104,36.86893157019052],[-118.23142594341454,36.86894835071153],[-118.23144665510927,36.86898058663313]],[[-118.23082189153911,36.86965868165884],[-118.23091082270419,36.86998669648566],[-118.23117108038997,36.870113363457385],[-118.23146955627706,36.87007462420363],[-118.23169413962233,36.86982465183374],[-118.23166526231337,36.86961662812496],[-118.23149625626297,36.86945601394451],[-118.23165385984883,36.86930835314751],[-118.2315243343274,36.86920693546657],[-118.23112724575125,36.869211049924154],[-118.23104105328092,36.86929306920163],[-118.23110366186505,36.869419290598444],[-118.23082189153911,36.86965868165884]],[[-118.23161325494004,36.87055271135684],[-118.2312424263129,36.8709351436916],[-118.2313836792989,36.87092827165723],[-118.23148155192501,36.87115441118232],[-118.2321281995387,36.87118015869663],[-118.23225373335421,36.87103282963701],[-118.2324418390552,36.87100924522649],[-118.2324129189877,36.870885151450686],[-118.23181551522676,36.87057224862534],[-118.23161325494004,36.87055271135684]],[[-118.23137373089074,36.871566568582324],[-118.23098131614539,36.8718626890158],[-118.23114449833648,36.871963758525716],[-118.23133217268102,36.871913138214765],[-118.23113433527817,36.872169383845446],[-118.231452755814,36.8722958866146],[-118.231670176338,36.87200157854156],[-118.23161407442792,36.8718615410485],[-118.23146556832374,36.87183603800337],[-118.23167808041093,36.871655357630374],[-118.23159227840651,36.871342558441874],[-118.23138285159763,36.871296052961824],[-118.23137373089074,36.871566568582324]],[[-118.23180244289216,36.87185418017699],[-118.23192081365029,36.87167988361371],[-118.23183270888386,36.87164293799585],[-118.23180244289216,36.87185418017699]],[[-118.2320080070445,36.87207920284946],[-118.23213527974242,36.872040024319965],[-118.23203809883128,36.87185714559074],[-118.23189106895353,36.87192357093903],[-118.2320080070445,36.87207920284946]],[[-118.23189810338899,36.872361580138914],[-118.23186770729053,36.872145558394664],[-118.23158597833962,36.872207971219545],[-118.23170239527828,36.87233115829925],[-118.23189810338899,36.872361580138914]],[[-118.23179206387721,36.8724654393731],[-118.23182519582778,36.87243264540215],[-118.23178481224907,36.87243306401556],[-118.23179206387721,36.8724654393731]],[[-118.23198204104597,36.87297726991976],[-118.23216606887777,36.87269953242628],[-118.23199011739112,36.87264186410833],[-118.23188577119431,36.87243201745631],[-118.2316218437704,36.87276466687935],[-118.23198204104597,36.87297726991976]],[[-118.2303340295888,36.86508181862448],[-118.23043385156168,36.86501047557961],[-118.23031279918949,36.86501713727602],[-118.2303340295888,36.86508181862448]],[[-118.23021384413525,36.8651425555295],[-118.23013851407808,36.86506220887947],[-118.23009261813776,36.86513840194379],[-118.23021384413525,36.8651425555295]],[[-118.22948726817259,36.86516629994677],[-118.2296404974085,36.86506736287348],[-118.22947224850503,36.86506910361625],[-118.22948726817259,36.86516629994677]],[[-118.23058399195494,36.86513872326516],[-118.23064369424552,36.865084020758225],[-118.23057613450753,36.86506849506186],[-118.23058399195494,36.86513872326516]],[[-118.22993156395619,36.86558896841615],[-118.23015570209748,36.86529459338105],[-118.23013490527916,36.86525694965559],[-118.22983431018223,36.86540067991074],[-118.22993156395619,36.86558896841615]],[[-118.23002333398166,36.866274888936395],[-118.23036665377042,36.866276743407646],[-118.23033135586334,36.86617434872894],[-118.23002333398166,36.866274888936395]],[[-118.23104489253957,36.86785438841473],[-118.23102496225954,36.86787082014843],[-118.2310450660826,36.867865203467964],[-118.23104489253957,36.86785438841473]],[[-118.23112929956035,36.8680806678724],[-118.23115656754601,36.86810201907958],[-118.23117649785588,36.86808558732384],[-118.23112929956035,36.8680806678724]],[[-118.23084767155264,36.868148486250085],[-118.23090885089901,36.868185711550886],[-118.23092205105972,36.86816934954776],[-118.23084767155264,36.868148486250085]],[[-118.23064293812233,36.868393985726335],[-118.23069039683025,36.86841512794826],[-118.23066295536499,36.86838296158103],[-118.23064293812233,36.868393985726335]],[[-118.23038613051992,36.871268518103044],[-118.23045834443904,36.871154193506705],[-118.23033150594884,36.871220407859404],[-118.23038613051992,36.871268518103044]],[[-118.23079703790768,36.87128589660301],[-118.23081497348818,36.87114509184671],[-118.23051218833979,36.87115363596988],[-118.23054731547421,36.871245215414966],[-118.23079703790768,36.87128589660301]],[[-118.22964017199396,36.87134654881889],[-118.22972654161487,36.87127534556746],[-118.2296328347069,36.87130876577895],[-118.22964017199396,36.87134654881889]],[[-118.23117602878045,36.87141177280331],[-118.23114554837444,36.871190343272595],[-118.23093112722528,36.87125205718489],[-118.23117602878045,36.87141177280331]],[[-118.23102986678718,36.87153227232099],[-118.23110933120552,36.87145032276326],[-118.23100164301029,36.87145143836124],[-118.23102986678718,36.87153227232099]],[[-118.22941722818845,36.87171662832136],[-118.22942569212064,36.871824709215566],[-118.2295331208714,36.87180737245765],[-118.22952526352628,36.87173714425688],[-118.22941722818845,36.87171662832136]],[[-118.23047782610503,36.87194902990563],[-118.23048108688552,36.87173265924716],[-118.22996266194714,36.871727209412555],[-118.23016882750046,36.87199008805135],[-118.23030756732098,36.871826399048416],[-118.23047782610503,36.87194902990563]],[[-118.23086372390257,36.87208565239096],[-118.23056974765827,36.87222390757548],[-118.23056475210728,36.87233212774529],[-118.23081430456558,36.872361993777865],[-118.23107358652774,36.8721591963592],[-118.23097649474384,36.87198172424418],[-118.23084878766055,36.87199386392577],[-118.23086372390257,36.87208565239096]],[[-118.23038967000036,36.87232853225368],[-118.2304544603379,36.87217101715818],[-118.23008245751345,36.87206129162317],[-118.23008445200817,36.872185664690974],[-118.23038967000036,36.87232853225368]],[[-118.22969518129369,36.873098308471754],[-118.22979674809415,36.87313511634207],[-118.2298161597704,36.873086239652494],[-118.22969518129369,36.873098308471754]],[[-118.22878096814327,36.86519523870681],[-118.22894739844827,36.86507994073687],[-118.22876594936133,36.865098042271065],[-118.22878096814327,36.86519523870681]],[[-118.22818122173818,36.86515276253907],[-118.22799916642674,36.865133010162666],[-118.22796733406689,36.865246916107544],[-118.22818451107938,36.86535824886178],[-118.22818122173818,36.86515276253907]],[[-118.22778683618382,36.86532449904755],[-118.22775154217285,36.865222103514796],[-118.22761763485815,36.86526675428165],[-118.22765913955094,36.86533663511904],[-118.22778683618382,36.86532449904755]],[[-118.22862291258107,36.86541321001629],[-118.2288237729469,36.86534623212177],[-118.22864111087897,36.86528862800518],[-118.22862291258107,36.86541321001629]],[[-118.228839398119,36.865481281277006],[-118.2291481115239,36.86542400441741],[-118.22929978218707,36.865227732182746],[-118.228839398119,36.865481281277006]],[[-118.2279842559307,36.86546307843171],[-118.22802411659247,36.86543021596713],[-118.22797692010197,36.865425295227475],[-118.2279842559307,36.86546307843171]],[[-118.22787830683018,36.865572341748],[-118.2277754530156,36.865454418959],[-118.22762083618112,36.865466833108094],[-118.22769651016952,36.865568811532306],[-118.22787830683018,36.865572341748]],[[-118.22823326572026,36.86546050514173],[-118.22795432745164,36.86569595013774],[-118.22832809164005,36.86549738406862],[-118.22823326572026,36.86546050514173]],[[-118.22870309099565,36.865796379516],[-118.22878099328568,36.865617095902806],[-118.22868538762691,36.865531549543206],[-118.22836942395226,36.86555644957266],[-118.2282568318413,36.865671190314515],[-118.22870309099565,36.865796379516]],[[-118.22787555772084,36.865821157894835],[-118.22793413740581,36.86569615875606],[-118.22774543737165,36.86568188308909],[-118.22774656229124,36.865752181047654],[-118.22787555772084,36.865821157894835]],[[-118.2293931923853,36.866016396446476],[-118.22930422893727,36.865925373458325],[-118.22927843514216,36.865995949837775],[-118.2293931923853,36.866016396446476]],[[-118.22806395455623,36.86665751763243],[-118.22842125586648,36.866691683797214],[-118.2284939881609,36.866609805532065],[-118.22826360666424,36.86651483515896],[-118.22806395455623,36.86665751763243]],[[-118.22861186360856,36.86682492405677],[-118.22857682753778,36.86673875142542],[-118.22848338535125,36.86678839326058],[-118.22849753827981,36.866831514378404],[-118.22861186360856,36.86682492405677]],[[-118.22805343729837,36.86684151287339],[-118.22811952658311,36.866765111910375],[-118.22803220828092,36.86677683110972],[-118.22805343729837,36.86684151287339]],[[-118.22789798752966,36.87100760745486],[-118.22805045119786,36.870860004503704],[-118.22792731186567,36.87073688321328],[-118.22741010486527,36.870807127546456],[-118.22750632159658,36.870930527479956],[-118.22789798752966,36.87100760745486]],[[-118.22918989291034,36.87097261761368],[-118.22922250545142,36.87090737918648],[-118.2291822959357,36.87091861195604],[-118.22918989291034,36.87097261761368]],[[-118.22826275548677,36.87150682123004],[-118.228429051,36.87180256558318],[-118.22871811813603,36.87177794332155],[-118.22870136554126,36.87157259644669],[-118.22896342296593,36.87154284444102],[-118.22912244279712,36.87138435548418],[-118.22867407147203,36.87112938790405],[-118.22776458960315,36.87108470371102],[-118.22754739672692,36.87097337058203],[-118.22673378687506,36.87103044816407],[-118.22685915800675,36.87087230954889],[-118.2265067525214,36.87072451139362],[-118.22640148585407,36.87087703373693],[-118.22634549344406,36.871164258128985],[-118.22706807874894,36.87130823486051],[-118.22711270057513,36.87157278689644],[-118.22743256457622,36.871369371737075],[-118.22768944919889,36.87143702761069],[-118.22809198170897,36.871351741929836],[-118.22836293400165,36.87145710992611],[-118.22826275548677,36.87150682123004]],[[-118.2291678515999,36.87169757435633],[-118.2292266933401,36.87158879723827],[-118.22909017655917,36.87147122399336],[-118.22889698402679,36.87159761576347],[-118.2291678515999,36.87169757435633]],[[-118.22812704202344,36.87185977143835],[-118.22797492284577,36.87202900461365],[-118.22810522785721,36.872179093873484],[-118.22858731807327,36.872017266335156],[-118.22812704202344,36.87185977143835]],[[-118.22720819193539,36.872913089901814],[-118.22767572254884,36.873102963885366],[-118.22794339091064,36.8730028466279],[-118.22803389736097,36.8727693491643],[-118.2278569099008,36.87264678432897],[-118.22767061610789,36.872783919684274],[-118.22748836966358,36.87275335182311],[-118.22741718820764,36.87293256504633],[-118.22727497930642,36.87287994961116],[-118.22738801583303,36.87279224736162],[-118.227311210043,36.872619971098366],[-118.22706330150761,36.87269284077624],[-118.22696768867988,36.87260729326154],[-118.22684818076858,36.872711287198655],[-118.22690031190925,36.873024437536316],[-118.2271559904876,36.873016389031825],[-118.22720819193539,36.872913089901814]],[[-118.2279647082977,36.87307293583882],[-118.22816844644773,36.873184407174726],[-118.22846673651496,36.872894677463414],[-118.22825282789091,36.87298883181753],[-118.22806246486284,36.872871813972715],[-118.2279647082977,36.87307293583882]],[[-118.22909063488898,36.87318028083349],[-118.2292018499057,36.87297901885256],[-118.2288037885333,36.8729236431168],[-118.22859808337779,36.87310965643958],[-118.22874893002272,36.87328116624858],[-118.22909063488898,36.87318028083349]],[[-118.22780637510976,36.873274683537],[-118.22803340013147,36.8731587607424],[-118.22770963553579,36.87311883878575],[-118.22780637510976,36.873274683537]],[[-118.22813609183926,36.87326586790537],[-118.22845907778964,36.873257120941076],[-118.22859135271382,36.87310972602777],[-118.22832859701182,36.87309621708782],[-118.22813609183926,36.87326586790537]],[[-118.22740727537743,36.8651607584982],[-118.22738492284459,36.86502577860669],[-118.22725058316762,36.865043391275066],[-118.22729968235865,36.86516727811692],[-118.22740727537743,36.8651607584982]],[[-118.22692970689097,36.86518191523069],[-118.2270449812367,36.865234809367394],[-118.22705067343344,36.8651698494336],[-118.22692970689097,36.86518191523069]],[[-118.22747725693755,36.865327697021236],[-118.22753652905082,36.86524595835282],[-118.22742884941862,36.86524707055414],[-118.22747725693755,36.865327697021236]],[[-118.22744698091408,36.86553893848806],[-118.22753964364298,36.86544062965012],[-118.22743196373776,36.865441741859264],[-118.22744698091408,36.86553893848806]],[[-118.2274093691586,36.86571239670072],[-118.22754396951511,36.865711006440954],[-118.2275500939038,36.86567308417411],[-118.2274093691586,36.86571239670072]],[[-118.22737848727719,36.865885785392166],[-118.22737037314388,36.865799334324954],[-118.2272227450496,36.86582790107044],[-118.22725078963539,36.865897921042105],[-118.22737848727719,36.865885785392166]],[[-118.22655185604911,36.867230201964986],[-118.22694409216513,36.866923280984516],[-118.22673061626985,36.866622612793215],[-118.22656909387277,36.86662428001649],[-118.22629213422634,36.86698409458663],[-118.22655185604911,36.867230201964986]],[[-118.22643899944934,36.86732871843896],[-118.22652605930023,36.867300777786554],[-118.22639145610363,36.86730216694462],[-118.22643899944934,36.86732871843896]],[[-118.22758008755117,36.868809662600896],[-118.22767931114433,36.86870046904796],[-118.22751752485402,36.8686859150415],[-118.22758008755117,36.868809662600896]],[[-118.22764472730393,36.86906319090083],[-118.22766439901591,36.86903053712103],[-118.22761745992344,36.869041838879376],[-118.22764472730393,36.86906319090083]],[[-118.22750591877897,36.86964332639474],[-118.2275920289522,36.86955590207734],[-118.22748503548166,36.86960027469795],[-118.22750591877897,36.86964332639474]],[[-118.22647240855565,36.87068159845296],[-118.22657215488665,36.87060485098433],[-118.22647775567759,36.87059500845496],[-118.22647240855565,36.87068159845296]],[[-118.22655543588384,36.87124321774785],[-118.22635930024859,36.87118574934527],[-118.22619146992082,36.87121452335594],[-118.22625325467537,36.87128960376465],[-118.22655543588384,36.87124321774785]],[[-118.22647709070787,36.87139546227359],[-118.22652351262843,36.871351715744915],[-118.22645620747774,36.871352410406566],[-118.22647709070787,36.87139546227359]],[[-118.22685340983088,36.871775575847686],[-118.22689732351176,36.871575010758654],[-118.22695919574277,36.87165549830924],[-118.2270320206795,36.871579028421884],[-118.22695660088888,36.87149327236332],[-118.22598145217107,36.87155201261901],[-118.22612581865856,36.87173981800384],[-118.22685340983088,36.871775575847686]],[[-118.22777291916012,36.87202568345327],[-118.22817880849975,36.87172943425615],[-118.22812736580302,36.87145954472692],[-118.22739330631876,36.87144008674813],[-118.22714031477061,36.87161576913539],[-118.22723196445602,36.871874427038236],[-118.22777291916012,36.87202568345327]],[[-118.22647149760093,36.871887686658],[-118.22655795729207,36.87182189318298],[-118.22649047880387,36.87181177280716],[-118.22647149760093,36.871887686658]],[[-118.22676738286323,36.871868407190895],[-118.22698855616503,36.87222848812899],[-118.22729669245645,36.87213336290348],[-118.22715214935418,36.871934743958356],[-118.22711960412106,36.87158353245686],[-118.22691510919827,36.87184524835361],[-118.22676738286323,36.871868407190895]],[[-118.22694825911691,36.87223431262794],[-118.22666685684347,36.87189648704788],[-118.22631307633483,36.872084024900616],[-118.22654348638464,36.872600855642574],[-118.22700694790052,36.872536578386466],[-118.22702945872236,36.872260516331906],[-118.22694825911691,36.87223431262794]],[[-118.2275268302726,36.872212112185],[-118.22768111449986,36.872178067803006],[-118.22767360498851,36.87212946957181],[-118.2275268302726,36.872212112185]],[[-118.22661252211068,36.872708311536414],[-118.22667275189917,36.87268605611906],[-118.22661183031666,36.87266505128668],[-118.22661252211068,36.872708311536414]],[[-118.22674386350033,36.872923292670635],[-118.22671624903275,36.872880310353395],[-118.22672384450917,36.872934316179666],[-118.22674386350033,36.872923292670635]],[[-118.22704788424171,36.87341232026798],[-118.22709050058396,36.87313064220619],[-118.22699540618132,36.873077539910746],[-118.22685665699402,36.87324122518435],[-118.22704788424171,36.87341232026798]],[[-118.22605454092538,36.86475286444236],[-118.22608775854985,36.864725479585324],[-118.22604073541443,36.86473137314498],[-118.22605454092538,36.86475286444236]],[[-118.2258419475674,36.86492812731483],[-118.225800358351,36.86485283826344],[-118.22577430247063,36.864907191327504],[-118.2258419475674,36.86492812731483]],[[-118.22505834187143,36.86517417856874],[-118.22521986130754,36.865172513454326],[-118.22523944675888,36.865134452513544],[-118.22505834187143,36.86517417856874]],[[-118.22489311398516,36.86536517678083],[-118.22524419625337,36.86543186725442],[-118.22520088029682,36.86524842717814],[-118.22491183633383,36.86527304047727],[-118.22489311398516,36.86536517678083]],[[-118.2246569624737,36.8657516091746],[-118.22474798899586,36.86555055915778],[-118.22452374102063,36.86541765922158],[-118.22447335306137,36.86563451565512],[-118.2246569624737,36.8657516091746]],[[-118.22588390089726,36.86586876148262],[-118.225943434349,36.86580324619389],[-118.22586276039053,36.86580948682131],[-118.22588390089726,36.86586876148262]],[[-118.22626573228835,36.86701681759805],[-118.22583776844496,36.867194302606926],[-118.22625012273731,36.86730362539659],[-118.22626573228835,36.86701681759805]],[[-118.22525776622714,36.86712456599303],[-118.22515353257032,36.86692012029976],[-118.22448871507417,36.866597058046324],[-118.22450675342492,36.86772723401828],[-118.22526597065868,36.86763828217804],[-118.22529952894071,36.86721067027104],[-118.22570333818642,36.867206506058224],[-118.22526863566344,36.8669622010406],[-118.22525776622714,36.86712456599303]],[[-118.22628213129391,36.8672005349614],[-118.22632182070983,36.867156857973484],[-118.2262612493815,36.86715748300732],[-118.22628213129391,36.8672005349614]],[[-118.22554751573539,36.867565069429936],[-118.225545356164,36.867429880977255],[-118.22572871235342,36.86753075008326],[-118.22600214375463,36.86737108508923],[-118.2257576977941,36.86723839595381],[-118.22540143134965,36.86726911227143],[-118.2253295587669,36.86740506409355],[-118.22554751573539,36.867565069429936]],[[-118.22574631978767,36.86779017305145],[-118.22588765407687,36.86778871518217],[-118.22588756766909,36.867783307645006],[-118.22574631978767,36.86779017305145]],[[-118.22455991168775,36.86894899116806],[-118.22452496541177,36.868868224845116],[-118.22452626014183,36.86894933792841],[-118.22455991168775,36.86894899116806]],[[-118.22489772663023,36.869448493435314],[-118.22495018789641,36.86936141783831],[-118.22485630843403,36.86938401921313],[-118.22489772663023,36.869448493435314]],[[-118.22452807277259,36.86906289624311],[-118.2251082730456,36.86998716577327],[-118.22527247356732,36.86973127679497],[-118.2249695202769,36.86972899163017],[-118.2246222972391,36.869061925286125],[-118.22452807277259,36.86906289624311]],[[-118.22551563096407,36.86978285370264],[-118.22548827751491,36.86975609365273],[-118.22547516229945,36.869777862610476],[-118.22551563096407,36.86978285370264]],[[-118.22511837151193,36.87019799031516],[-118.22529827892214,36.87008255847661],[-118.22510292439864,36.87007375574596],[-118.22511837151193,36.87019799031516]],[[-118.22608747604583,36.870604444275635],[-118.22611370638732,36.87056090623071],[-118.2260935150474,36.87056111455978],[-118.22608747604583,36.870604444275635]],[[-118.22587099824096,36.87138008249085],[-118.22583716295718,36.87094775747896],[-118.22528991412774,36.87040174190078],[-118.22545809628814,36.87081645650067],[-118.22568313951274,36.870998022046905],[-118.2256741715029,36.87127935268169],[-118.22587099824096,36.87138008249085]],[[-118.22592035883375,36.87152019234083],[-118.22604021193972,36.87143782946164],[-118.2259183711378,36.871395819064794],[-118.22592035883375,36.87152019234083]],[[-118.22614877634977,36.871912650717796],[-118.22613289495865,36.87176137868964],[-118.22589672068258,36.87172595635283],[-118.22599388691793,36.87190884038207],[-118.22614877634977,36.871912650717796]],[[-118.22633654054503,36.871867445771436],[-118.22631557080638,36.87181898635138],[-118.2262960707312,36.87186245498183],[-118.22633654054503,36.871867445771436]],[[-118.23158226649346,36.86778391941032],[-118.2317696250678,36.86813352518299],[-118.23160388244469,36.868291795974926],[-118.23122415296037,36.86811896996705],[-118.23131006069505,36.86801930241068],[-118.2312402418058,36.86786318147102],[-118.23113359998452,36.86792918741205],[-118.23089035829028,36.86787221441981],[-118.23114228758526,36.867631634007125],[-118.23140467767277,36.86762350696944],[-118.23146954901264,36.867471398836486],[-118.23167948625185,36.86755034953896],[-118.23170397605462,36.867398659802625],[-118.23184435421705,36.86733771208238],[-118.23170957759109,36.867328292213024],[-118.23217091809683,36.86713421482089],[-118.22920292819764,36.86716495123139],[-118.22909290688659,36.8670200616471],[-118.22906159523308,36.86716641302186],[-118.2277088363425,36.86718039594508],[-118.22790615367695,36.86689171063048],[-118.2273139895123,36.86690323614029],[-118.2270433301567,36.86723594521706],[-118.22674763575327,36.86726604012734],[-118.22649578002682,36.86751201900492],[-118.22731670603213,36.867914584124485],[-118.22751653581611,36.867782717917905],[-118.22733696561292,36.86749792595178],[-118.22753499593843,36.86767435868315],[-118.22770039502089,36.86749417196716],[-118.22770766401248,36.8679484047838],[-118.22753862994807,36.86790147510316],[-118.22739919886466,36.86802190068595],[-118.22771147164451,36.86818633624479],[-118.22771320240112,36.868294486905626],[-118.22604442594553,36.86748963430699],[-118.22580516358921,36.867681397523604],[-118.22621752047655,36.86779072037029],[-118.22583554052918,36.86789742132492],[-118.22561077352965,36.86815393576855],[-118.22535554274593,36.86818901834841],[-118.22538375931221,36.86826985382449],[-118.22518590497472,36.86810423253891],[-118.22566547093999,36.867785598506565],[-118.22457621332799,36.86786172901376],[-118.22451892340675,36.868489697107854],[-118.22474050772882,36.86887682049775],[-118.22465430866232,36.86895883526558],[-118.22475172726679,36.86915794312784],[-118.22489220070916,36.869102411015795],[-118.22479254090298,36.8691845646262],[-118.22509791003763,36.86933826132956],[-118.225242961014,36.869569328267744],[-118.2256357410429,36.86971671385781],[-118.22622248187034,36.869364521615346],[-118.22639099974253,36.86937900790447],[-118.22737317888871,36.86891996831947],[-118.22750345862548,36.86864820134937],[-118.2276438425257,36.868587258500504],[-118.22771839472638,36.86861893887584],[-118.22773334639527,36.86913258492493],[-118.22754325346001,36.86903178858042],[-118.22753851329955,36.86915623135251],[-118.2277815837079,36.86920239610121],[-118.22750072715914,36.869318874454706],[-118.22778833434533,36.869624183583504],[-118.22772992469139,36.86975999769247],[-118.22760083612854,36.86968561331971],[-118.22757685678636,36.86986974750745],[-118.22801307647568,36.87062782847148],[-118.228254333576,36.870560434021655],[-118.22831992966458,36.87087344463713],[-118.22874721484627,36.87065269029313],[-118.22879103637504,36.87044671704142],[-118.22863028553796,36.870497054974564],[-118.22865504199571,36.87036158839924],[-118.22946410665682,36.86960144955031],[-118.22899456823517,36.87012551522698],[-118.22904497328224,36.87033051405947],[-118.22892873692544,36.870218139258085],[-118.22880241831957,36.87031679715763],[-118.22892082039897,36.870564360294765],[-118.22884343349709,36.8707760891109],[-118.22912663261086,36.870805610804034],[-118.22906906335113,36.8705736440025],[-118.22911271068669,36.870356855589655],[-118.22926658579013,36.87071762837189],[-118.2291595917301,36.87076200250396],[-118.22921542837369,36.870885818696195],[-118.22930757511072,36.87075506332341],[-118.22957370330093,36.87097946379621],[-118.22977440384462,36.870901669049175],[-118.23013259276362,36.87098990492383],[-118.23019516162613,36.87111365094668],[-118.23100316675001,36.871126917224885],[-118.23154456157711,36.870466888516944],[-118.23043036333112,36.86982941946238],[-118.23060796906393,36.86953507897984],[-118.23051703682385,36.86930495138987],[-118.23009795319962,36.86920752932634],[-118.2298052389458,36.86936535746341],[-118.22982444946888,36.86950577770171],[-118.22966359024079,36.86944794964402],[-118.229483864384,36.86957420301216],[-118.22962863839135,36.86936718493213],[-118.22859722699074,36.8688532354675],[-118.22880982453478,36.86867796769415],[-118.2293141039322,36.86855376684166],[-118.22929340806772,36.868758811242],[-118.2294191616892,36.868942123855874],[-118.22990938856842,36.86901521115707],[-118.23017943552559,36.86871464164044],[-118.22994926035942,36.868368716685815],[-118.23005601945744,36.86831352743691],[-118.23034129120148,36.86847282707247],[-118.23062730904176,36.868258936942716],[-118.2306626951264,36.86836673900024],[-118.2306796762096,36.868166451406964],[-118.23081115749726,36.86797038639622],[-118.23075931112893,36.86809531714951],[-118.23104914436993,36.86811935721321],[-118.23110789403931,36.86800517167303],[-118.23088518977842,36.86796961961341],[-118.23112022635537,36.86793473438495],[-118.23122170011203,36.867966133656005],[-118.23117706018196,36.868120626946165],[-118.2307617401972,36.868246727903106],[-118.23079349948935,36.868588312816215],[-118.23097671841595,36.86878154560902],[-118.23143779521222,36.868794959544225],[-118.2316691031931,36.86849152310103],[-118.23181912327091,36.86870089669365],[-118.23182824235481,36.868430380946606],[-118.23197525041344,36.86874254562374],[-118.23224196243095,36.868741560374026],[-118.23248245923959,36.86859434771981],[-118.23255212999956,36.86835796661467],[-118.23238634020345,36.86811630935021],[-118.23205667970534,36.86798452199389],[-118.23178972890099,36.868127908376515],[-118.23183006790681,36.86770563309231],[-118.23197613465894,36.86757972514746],[-118.23175972734656,36.86751706731166],[-118.2316334168168,36.86761572811522],[-118.23168916816815,36.8677341356522],[-118.23158226649346,36.86778391941032]]],[[[-118.2261467478243,36.87347022564465],[-118.226237953045,36.87328006183759],[-118.226089964412,36.873286997286954],[-118.22601393888797,36.87316338794222],[-118.226156233942,36.87322141242218],[-118.22615502373117,36.87314570697854],[-118.22593808646901,36.873050593606344],[-118.2260521620352,36.87302778298323],[-118.22593316011736,36.872742364259736],[-118.22599873787912,36.87263351922284],[-118.22558099820375,36.87218892909434],[-118.22558591438953,36.872075301468314],[-118.22564070947823,36.87213422899793],[-118.22569403571752,36.87210122842949],[-118.22519310950562,36.87108420171917],[-118.22646982128272,36.873466879102274],[-118.2261467478243,36.87347022564465]],[[-118.22615243043744,36.872983481024484],[-118.22609599200518,36.87282181064779],[-118.22603481116161,36.872784582922364],[-118.22607787456158,36.8729517997556],[-118.22615243043744,36.872983481024484]]],[[[-118.22667105179906,36.87342161926102],[-118.22660822715282,36.873281648767296],[-118.22656706479204,36.87323339783914],[-118.22649776923261,36.873109719342544],[-118.22667105179906,36.87342161926102]]],[[[-118.23068280291007,36.87339636421862],[-118.23075727158982,36.873422467734656],[-118.23066977267302,36.87342337408838],[-118.23068280291007,36.87339636421862]]],[[[-118.23081785044678,36.873422007614494],[-118.23075727158982,36.873422467734656],[-118.23114092333549,36.87341866087515],[-118.23081785044678,36.873422007614494]]],[[[-118.23066977267302,36.87342337408838],[-118.23023901138784,36.873428001660145],[-118.230239008733,36.87342783613793],[-118.23066977267302,36.87342337408838]]],[[[-118.22748615628161,36.873456351440375],[-118.22752593656877,36.87341819978869],[-118.22754673252757,36.873455723963964],[-118.22748615628161,36.873456351440375]]],[[[-118.22832749514059,36.87344777592943],[-118.22862364333665,36.87344456883016],[-118.22862364566716,36.87344471432225],[-118.22832749514059,36.87344777592943]]],[[[-118.22755346514403,36.873455774373404],[-118.22754673252757,36.873455723963964],[-118.22768807907843,36.87345438370168],[-118.22755346514403,36.873455774373404]]],[[[-118.22748615817339,36.873456469652105],[-118.22721693026767,36.87345925038585],[-118.22721692850511,36.87345914022459],[-118.22748615817339,36.873456469652105]]],[[[-118.22671885854476,36.873464393135954],[-118.22696116209224,36.87346178956986],[-118.22696116372305,36.87346189151817],[-118.22671885854476,36.873464393135954]]],[[[-118.22669193426263,36.87346457835463],[-118.22646982263589,36.87346696372849],[-118.22646982128272,36.873466879102274],[-118.22669193426263,36.87346457835463]]],[[[-118.22459868695978,36.87348626122537],[-118.2261467478243,36.87347022564465],[-118.22614674897734,36.87347029777388],[-118.22459868695978,36.87348626122537]]]]}},{"type":"Feature","properties":{"segment_id":462,"mask_origin":"residual_matrix"},"geometry":{"type":"Polygon","coordinates":[[[-118.23575473994394,36.86438247492828],[-118.23585363041556,36.86508944829593],[-118.23565889752638,36.865118515337215],[-118.2356970128423,36.864977499966145],[-118.23537113672973,36.864386463144456],[-118.23575473994394,36.86438247492828]],[[-118.2356970128423,36.864977499966145],[-118.23575041683262,36.86494990253755],[-118.23569657739137,36.86495046236723],[-118.2356970128423,36.864977499966145]]]}},{"type":"Feature","properties":{"segment_id":463,"mask_origin":"residual_matrix"},"geometry":{"type":"Polygon","coordinates":[[[-118.2364520804757,36.866721975859306],[-118.23672342690233,36.86768726001971],[-118.2368780122148,36.86850773130881],[-118.23651892632138,36.867110686814115],[-118.2364520804757,36.866721975859306]]]}},{"type":"Feature","properties":{"segment_id":464,"mask_origin":"residual_matrix"},"geometry":{"type":"Polygon","coordinates":[[[-118.23417130135535,36.87222982441657],[-118.23410083209156,36.87245230149079],[-118.23381588568287,36.8723146414724],[-118.23391667041913,36.87230277815726],[-118.23417130135535,36.87222982441657]]]}},{"type":"Feature","properties":{"segment_id":465,"mask_origin":"residual_matrix"},"geometry":{"type":"Polygon","coordinates":[[[-118.23706731962028,36.86438454227989],[-118.23590313763111,36.86440206342111],[-118.23588460291931,36.86450501626083],[-118.23581530886561,36.864381845096794],[-118.23706731962028,36.86438454227989]]]}},{"type":"Feature","properties":{"segment_id":466,"mask_origin":"residual_matrix"},"geometry":{"type":"Polygon","coordinates":[[[-118.22522021726652,36.87193845348308],[-118.225106229407,36.871966670821195],[-118.22490180803514,36.87181193378688],[-118.22515860570556,36.87187418760604],[-118.22522021726652,36.87193845348308]]]}},{"type":"Feature","properties":{"segment_id":467,"mask_origin":"residual_matrix"},"geometry":{"type":"Polygon","coordinates":[[[-118.22523064872361,36.871327193844536],[-118.22516576187118,36.87147929876259],[-118.22507015266793,36.871393749637],[-118.22523064872361,36.871327193844536]]]}},{"type":"Feature","properties":{"segment_id":468,"mask_origin":"residual_matrix"},"geometry":{"type":"Polygon","coordinates":[[[-118.23090600552558,36.87304250503303],[-118.23087769450127,36.872956263549504],[-118.23116012117224,36.87293711252452],[-118.23095199193487,36.8729717192034],[-118.23095924327035,36.87300409461445],[-118.23112025807491,36.872969976047756],[-118.23114097077715,36.87300221198358],[-118.23090600552558,36.87304250503303]]]}},{"type":"Feature","properties":{"segment_id":469,"mask_origin":"residual_matrix"},"geometry":{"type":"Polygon","coordinates":[[[-118.23623588816814,36.86583724350837],[-118.23641537994015,36.8665330628809],[-118.236445350392,36.86672204588194],[-118.23632388066619,36.86628522732426],[-118.23623588816814,36.86583724350837]]]}},{"type":"Feature","properties":{"segment_id":470,"mask_origin":"residual_matrix"},"geometry":{"type":"Polygon","coordinates":[[[-118.2324756246676,36.87143616014405],[-118.23256294748121,36.87142443760276],[-118.23234870064647,36.87149696910291],[-118.2324756246676,36.87143616014405]]]}},{"type":"Feature","properties":{"segment_id":471,"mask_origin":"residual_matrix"},"geometry":{"type":"Polygon","coordinates":[[[-118.22538545801868,36.87174745477744],[-118.22528044688094,36.87191619877237],[-118.22521245021866,36.87187363246095],[-118.22538545801868,36.87174745477744]]]}},{"type":"Feature","properties":{"segment_id":472,"mask_origin":"residual_matrix"},"geometry":{"type":"Polygon","coordinates":[[[-118.23313123972694,36.86992581736943],[-118.2333002814817,36.86997273893244],[-118.23312477012762,36.86994210977069],[-118.23313123972694,36.86992581736943]]]}},{"type":"Feature","properties":{"segment_id":473,"mask_origin":"residual_matrix"},"geometry":{"type":"Polygon","coordinates":[[[-118.22507884708118,36.86983062474443],[-118.22512078387655,36.86992754409705],[-118.22504579963959,36.86986882441762],[-118.22507884708118,36.86983062474443]]]}},{"type":"Feature","properties":{"segment_id":474,"mask_origin":"residual_matrix"},"geometry":{"type":"Polygon","coordinates":[[[-118.23409858636606,36.86980219857439],[-118.23401030880677,36.86975443950176],[-118.23413835955554,36.86976392657033],[-118.23409858636606,36.86980219857439]]]}},{"type":"Feature","properties":{"segment_id":475,"mask_origin":"residual_matrix"},"geometry":{"type":"Polygon","coordinates":[[[-118.23612796823407,36.86540569213933],[-118.23622199250514,36.865810345936296],[-118.23610017715806,36.86535189695989],[-118.23612796823407,36.86540569213933]]]}},{"type":"Feature","properties":{"segment_id":476,"mask_origin":"residual_matrix"},"geometry":{"type":"Polygon","coordinates":[[[-118.23681881765228,36.869011330593615],[-118.2368404034416,36.869097640669494],[-118.23682798905594,36.86916267093012],[-118.23680054478112,36.869130506037074],[-118.23681881765228,36.869011330593615]]]}},{"type":"Feature","properties":{"segment_id":477,"mask_origin":"residual_matrix"},"geometry":{"type":"Polygon","coordinates":[[[-118.22504893036286,36.871750924514004],[-118.2249689409168,36.871800424927414],[-118.22493468365298,36.87176291907835],[-118.22504893036286,36.871750924514004]]]}},{"type":"Feature","properties":{"segment_id":478,"mask_origin":"residual_matrix"},"geometry":{"type":"Polygon","coordinates":[[[-118.23411446728086,36.87246297672448],[-118.23418832979,36.87245139277226],[-118.23417556465931,36.87249479270761],[-118.23411446728086,36.87246297672448]]]}},{"type":"Feature","properties":{"segment_id":479,"mask_origin":"residual_matrix"},"geometry":{"type":"Polygon","coordinates":[[[-118.2368784481383,36.86853476887943],[-118.23690563066464,36.86855071121891],[-118.23694285665141,36.86877206902543],[-118.2368784481383,36.86853476887943]]]}},{"type":"Feature","properties":{"segment_id":480,"mask_origin":"residual_matrix"},"geometry":{"type":"Polygon","coordinates":[[[-118.22558514839837,36.86823532647145],[-118.22553208390399,36.868284549575705],[-118.22541784243052,36.86829654451507],[-118.22539066230829,36.86828059950115],[-118.22558514839837,36.86823532647145]]]}},{"type":"Feature","properties":{"segment_id":481,"mask_origin":"residual_matrix"},"geometry":{"type":"Polygon","coordinates":[[[-118.23208656201186,36.87319793148907],[-118.23213971239046,36.87315411303188],[-118.23212703285321,36.87320292028529],[-118.23208656201186,36.87319793148907]]]}},{"type":"Feature","properties":{"segment_id":482,"mask_origin":"residual_matrix"},"geometry":{"type":"Polygon","coordinates":[[[-118.23591326456388,36.86461288670355],[-118.2359476980253,36.864661204430355],[-118.23597740513571,36.86483396508466],[-118.23591326456388,36.86461288670355]]]}},{"type":"Feature","properties":{"segment_id":483,"mask_origin":"residual_matrix"},"geometry":{"type":"Polygon","coordinates":[[[-118.2264703277621,36.87307755203044],[-118.22642208908991,36.8730077403893],[-118.22637997595079,36.8729000065435],[-118.22645565592785,36.87300198552836],[-118.2264703277621,36.87307755203044]]]}},{"type":"Feature","properties":{"segment_id":484,"mask_origin":"residual_matrix"},"geometry":{"type":"Polygon","coordinates":[[[-118.23145779107787,36.87260952286724],[-118.23153156735538,36.87259253303551],[-118.23151880069189,36.87263593271268],[-118.23145779107787,36.87260952286724]]]}},{"type":"Feature","properties":{"segment_id":485,"mask_origin":"residual_matrix"},"geometry":{"type":"Polygon","coordinates":[[[-118.23063903516196,36.8731858890761],[-118.23065853307028,36.87314241978158],[-118.23072609998228,36.873157945278685],[-118.23063903516196,36.8731858890761]]]}},{"type":"Feature","properties":{"segment_id":486,"mask_origin":"residual_matrix"},"geometry":{"type":"Polygon","coordinates":[[[-118.22642484250734,36.8727589244791],[-118.2264660909812,36.872812582998044],[-118.22641914939993,36.87282388432182],[-118.22642484250734,36.8727589244791]]]}},{"type":"Feature","properties":{"segment_id":487,"mask_origin":"residual_matrix"},"geometry":{"type":"Polygon","coordinates":[[[-118.22609181995381,36.86497963393801],[-118.22612598823409,36.86501173200155],[-118.22609906839452,36.86501200974005],[-118.22609181995381,36.86497963393801]]]}},{"type":"Feature","properties":{"segment_id":488,"mask_origin":"residual_matrix"},"geometry":{"type":"Polygon","coordinates":[[[-118.22476252272497,36.87025574264444],[-118.22474293579954,36.870293803502925],[-118.22470755701823,36.870185999579796],[-118.22476252272497,36.87025574264444]]]}},{"type":"Feature","properties":{"segment_id":489,"mask_origin":"residual_matrix"},"geometry":{"type":"Polygon","coordinates":[[[-118.23252328761313,36.86937505685451],[-118.23250405230479,36.86943474901141],[-118.23247704410052,36.86942962070069],[-118.23252328761313,36.86937505685451]]]}},{"type":"Feature","properties":{"segment_id":490,"mask_origin":"residual_matrix"},"geometry":{"type":"Polygon","coordinates":[[[-118.22859385029784,36.87158452492243],[-118.22856649513449,36.87155776562078],[-118.22864070416706,36.87156781522894],[-118.22859385029784,36.87158452492243]]]}},{"type":"Feature","properties":{"segment_id":491,"mask_origin":"residual_matrix"},"geometry":{"type":"Polygon","coordinates":[[[-118.23181162575396,36.86446076829775],[-118.23184588296037,36.86449827220736],[-118.23180541674328,36.864493283222934],[-118.23181162575396,36.86446076829775]]]}},{"type":"Feature","properties":{"segment_id":492,"mask_origin":"residual_matrix"},"geometry":{"type":"Polygon","coordinates":[[[-118.23114145224916,36.87261280067397],[-118.231181575544,36.87259615971137],[-118.23116880868082,36.872639559354575],[-118.23114145224916,36.87261280067397]]]}},{"type":"Feature","properties":{"segment_id":493,"mask_origin":"residual_matrix"},"geometry":{"type":"Polygon","coordinates":[[[-118.22535698824521,36.87207225386234],[-118.22530262531572,36.872040363868805],[-118.22529554921965,36.87201880313072],[-118.22535698824521,36.87207225386234]]]}},{"type":"Feature","properties":{"segment_id":494,"mask_origin":"residual_matrix"},"geometry":{"type":"Polygon","coordinates":[[[-118.23194951742698,36.86801808350875],[-118.23201054415279,36.86804577887817],[-118.23194995160603,36.868045121131864],[-118.23194951742698,36.86801808350875]]]}},{"type":"Feature","properties":{"segment_id":495,"mask_origin":"residual_matrix"},"geometry":{"type":"Polygon","coordinates":[[[-118.23175780156741,36.87326624079275],[-118.2317582357616,36.8732932783939],[-118.23170369570427,36.873250576360064],[-118.23175780156741,36.87326624079275]]]}}]}